"name", "basic_info", "cost_info", "avg_stars"
강남 더 뮤즈, "사장님 한마디 골드글라스브론즈글라스 객실 Couple Pc 배틀그라운드 가능 최고사양 그래픽카드!!전객실 오버워치급 게임가능 최고사양 노하드 PC 오버워치, 배틀그라운드, 커플PC, UHD대형 TV 연결가능 3인이상 숙소에 문의후 입실가능합니다.호텔프론트 신분증 요청 확인시 미성년자 및 신분증과 상이한 경우 입실불가 혜택안내객실문에 부착된 여기어때 혜택마크를 찾아 QR코드로 혜택받으세요.주차장 정보총 7대 주차시설 보유지하철 정보2호선 역삼역9호선 언주역객실내부 시설 전객실 오버워치급 가능 골드글라스브론즈글라스 객실 Couple Pc 배틀그라운드 가능 최고사양 노하드 PC 오버워치, 배틀그라운드, 커플PC, UHD대형 TV 연결가능", 40,000, 9.8
역삼 호텔 디 아티스트, "혜택안내요금할인주차장 정보 편리한 주차공간 확보 (신규 외부 주차장 완비) 발렛서비스차량 주차는 발렛가능, 체크인시에만 주차가능합니다.(체크인 전 미리주차와 차량1대외 2대시,주차불가 상품 구매 후, 차량으로 입실시 20,000원 추가요금발생)필히 예약전 숙소로 문의바랍니다)총 20대 주차시설 보유지하철 정보2호선 역삼역9호선 언주역객실내부 시설전 객실 금연 호텔 외부 정해진 구역에서만 흡연가능합니다프런트 및 그 외 시설전객실 바이러스케어존세스코 에어제닉설치필수사항체크인 전, 신분증 제시에 협조부탁드립니다신분증 확인이 안되면 입실불가하며,취소, 환불 불가합니다이용안내코로나 관계없이 내부방침상,전 객실 이용인원은 2인 기준인원추가는 안되며, 이불제공안됩니다또한, 남성2인 여성1인 또는 여성2인 남성1인도 마찬가지로입실불가하며, 객실 2룸 구매후, 한 객실에 모여계시는것도 안됩니다이경우 취소및 환불 불가하니 참고바랍니다전 객실 랜덤배정차량 주차는 발렛가능, 체크인시에만 주차가능합니다.(체크인 전 미리주차와 차량1대외 2대시 20,000원 추가요금발생)체크인 시간 및 요금은 호텔사정에 따라 변동될수 있습니다.얼리체크인과 레이트 체크아웃시 추가요금 발생됩니다.고데기는 프론트에서 무상대여가능하며와인잔 및 와인오프너는 프론트에서 구매가능합니다", 35,000, 9.2
역삼 리치웰, "사장님 한마디 리치웰 호텔 전객실 Netflix 프리존 (무료시청가능,자동로그인) 전 객실 2인 기준적용(디럭스,스위트,로얄스위트만 최대4인까지적용 1인당 추가요금 2만원발생,이불X) 퇴실 30분전 퇴실콜드림 (안받을시 자동연장요금발생 객실별 요금다름) 신분증 미 지참시 입실이 거부될수있습니다 (신분증미지참시 취소및환불불가) 애완동물 출입불가 객실지정불가(사진과다를수있음랜덤배정) 객실 내 물품및 재산상 손해발생시 법적책임을 질수있습니다 객실당 차량 1대 가능(전객실 모두 동일함) 2대절대불가 입실전 미리주차 절대불가 주차타워 불가차량 안내 튜닝카, 트럭 , 승합차 , 카니발, 마세라티전차량 ,고가 스포츠카및 세단 등등특수차량 및 주차타워 입고불가차량 (호텔에문의)타워주차불가차량은 (디럭스,스위트,로얄스위트) 객실만 사용가능(일반실사용불가) 호텔에 사전문의없이 주차불가차량으로 일반실예약시 차액발생 할수있음(예약취소 불가능) 혜택안내요금할인주차장 정보객실당 1대만 가능 (2대 절대불가)벤틀리,롤스로이스,페라리,람보르기니,고급슈퍼카,카니발, 포르쉐,승합차, 튜닝카, 트럭, 특수차량등등주차기계에들어가지못하는차량 절대 주차불가모든 오토바이 및 킥보드 주차불가입실 전 미리주차 절대 불가총 25대 주차시설 보유지하철 정보2호선 역삼역9호선 언주역객실내부 시설55인치 커브드 TV,천연 오가닉 Amini 어메니티,최고급 맞춤 SEDEC 가구프런트 및 그 외 시설전 객실 에이스 침대객실지정예약불가(랜덤배정)그로 인한 취소 환불은 불가합니다추가 안내사항객실 인원추가 1인 2만원(추가 이불 제공 X)스페셜 상품 시간 확인 필수연박 불가연박 시 추가 요금 발생 호텔 사전 문의 필수", 35,000, 9.3
강남 캠퍼스, "사장님 한마디 Deluxe 타입 객실 75 SMART TV ! 넷플릭스 이용 가능리얼 리뷰 후기 이벤트 중 ! 리얼 사진 리뷰를 올려주신 분들중 추첨을 통하여 스타벅스 커피 상품권을 선물로 드립니다! 어플 예약 주말 특가! 앱에서 바로 예약 일요일 숙박 결제시 현장 방문보다 저렴한 가격으로 이용 가능! 객실당 입실 가능 인원수는 2인으로 제한되어있습니다 (인원추가불가당일 예약취소불가)신분증 미지참시 입실불가 취소불가 (주민등록증 운전면허증 정증으로 확인 휴대폰 확인 불가) 혜택안내요금할인주차장 정보저희 캠퍼스 호텔은 주차가 불가능하오니 꼭 확인 후 예약바랍니다.주차관련으로 인한 당일 취소 및 환불은 불가능하오니 이점 참고하시기 바랍니다.주변 주차장관련해서는 이용자 본인이 직접 검색하시어 알아보시기바랍니다.주차장 미보유 숙소입니다. 도보로 이용해 주세요.지하철 정보2호선 강남역", 40,000, 9.3
역삼 인트로호텔, "주차장 정보지상 주차장과 지하주차장을 사용할수 있습니다객실당 1대만 주차할수 있습니다슈퍼카,튜닝카,화물차,승합차,카니발등 특수차량은 예약하시기전 호텔에 문의 바랍니다총 15대 주차시설 보유지하철 정보2호선 역삼역9호선 언주역객실내부 시설모든 객실 75인치 스마트 TV 통 메모리폼 킹 사이즈 매트리스모든 객실 금연실로 운영중 입니다객실 내 흡연시 과태료가 부과 됩니다프런트 및 그 외 시설슈퍼카,튜닝카,화물차,승합차,카니발등 특수차량은 예약하시기전 호텔에 문의 바랍니다", 30,000, 9.9
역삼 PREMIER XYM, "사장님 한마디 신분증 미 지참시 입실이 거부 될 수 있으며 이로인해 입실을 하지 못 할 경우 취소나 환불이 불가합니다.전 객실은 2인 기준 요금 이며 2인까지만 입실 가능합니다.스위트 1인 추가가능(대실시 3만원 숙박시 2만원), 로얄스위트 2인 추가가능(1인당 2만원 씩 총 4만원) 그 이상 인원은 추가 하실 수 없으며 침구는 따로 추가 되지 않습니다.디럭스,프리미엄 이용 시 인원 추가 불가하며 이불은 추가로 이용하실 수 없습니다퇴실 30분전 퇴실콜을 드리며 전화 연결이 불가하거나 받지 않으실 경우 자동으로 연장되며 요금이 발생 합니다. 객실 별 요금이 다른 점 양해 부탁드립니다.ott 서비스는 넷플릭스와 유튜브만 이용 가능합니다.취소 문의는 여기어때 고객행복센터 15444087로 문의 바랍니다.예약 날짜가 지난 예약건에 한해서는 결제정보 변경(카드변경후 재결제) 등 어떠한 사유로도 취소나 변경이 불가합니다.동성은 체크인 불가합니다.공지 미 숙지로 인해 입실이 불가 한 경우 취소나 환불이 불가 한 점 미리 안내 드립니다. 주차장 정보기계식 주차장을 보유한 숙소입니다. 주차타워에 주차가 불가한 차량은 주차 제한이 되므로 숙소에 문의 부탁드립니다. 주차 제한 차량 (suv, rv, 박스카, 럭셔리세단, 튜닝카, 이륜차, 스포츠카 등)1객실 당 1대만 주차 가능(2대 이상 주차 불가, 미리 주차 불가)입실시간에 맞춰서만 주차가 가능합니다.트럭, 승합차, 특수 차량, 슈퍼카 고급 럭셔리 세단, 이륜차 킥보드 등 절대 주차 불가 합니다.주차불가차량 가지고 오실 경우나 도보 전용 객실로 예약 시 차량은 외부 주차장에 주차 하고 오셔야 합니다. 공지사항을 숙지하지 못 하고 차량 가지고 오셨을 경우 숙소 이용 불가 하며 취소 또한 불가 합니다.총 15대 주차시설 보유지하철 정보2호선 역삼역9호선 언주역", 30,000, 9.5
역삼 컬리넌, "주차장 정보주차는 객실당 1대 무료 주차 가능합니다.(추가 차량이 있을시 추가 요금 발생)체크 인 시간 이전 선주차 불가(무료 주차 1대 외 차량은 추가 요금 발생)특수차량이용시(대형차량,특수차량, 슈퍼카, 개조차량등)주차가 불가할 수 있으니 호텔로 문의바랍니다. 벤틀리, 롤스로이스, 페라리, 람보르기니 등등 최고급 외제차들은 주차 불가합니다.총 1대 주차시설 보유지하철 정보2호선 역삼역수인분당선 선릉역객실내부 시설객실은 랜덤배정으로 이미지와 다른 객실이 배정이 될 수 있습니다.디럭스프리미엄 2인기준스위트로얄스위트 최대 4인까지 입실 가능합니다.(2인 외 추가 인원 1인당 2만원씩 추가 요금 발생)기준 인원보다는 추가 인원 입실 불가능합니다.(추가 이불 운영 안합니다.)신분증 미 지참시 입실이 거부될 수 있습니다.(신분증 미지참시 취소 환불 불가)전 객실 Netflix 프리존(무료시청 가능, 자동 로그인)전체 건물, 전 객실 금연 구역 운영프런트 및 그 외 시설로비에 방문하는 고객을 대상으로 간단한 음료가 제공됩니다.", 70,000, 9.3
강남 클릭, "혜택안내객실문에 부착된 여기어때 혜택마크를 찾아 QR코드로 혜택받으세요.주차장 정보총 10대 주차시설 보유지하철 정보수인분당선 선정릉역", 30,000, 9.2
강남 648호텔, "혜택안내요금할인주차장 정보Free Parking (객실당 1대 무료주차) 지상주차 (20대이상 가능)추가 차량 주차요금 추가되십니다.(1객실당 1대 무료)추가주차시 주차요금발생(문의는 호텔로 부탁드립니다)총 1대 주차시설 보유현재 주차장 만차 도보로 이용해주세요.지하철 정보2호선 역삼역2호선 강남역주변 정보강남역 역삼역 도보 5분 거리객실내부 시설팬트하우스648 이벤트룸 이용안내(자정12시부터는 짖원부재중입니다 키오스크 체크인 부탁드립니다)코로나로인하여 펜트하우스A,펜트하우스B,펜트하우스648 객실은 인원이 변동될수 있습니다이용금액 : 15만원(기본시간 3시간 시간연장은 1시간당 50,000원 선불결제후 연장가능후불결제 불가)입실인원 : 기준인원3명(4명까지 가능)기본규정코로나로인하여 펜트하우스A,펜트하우스B,펜트하우스648 객실은 인원이 변동될수 있습니다주말기준은 금,토요일 공휴일,특정일의 전날로 사정상 변경될 수 있습니다호텔의 사정에 따라 세부조건은 변경될 수 있습니다팬트하우스648 4인기준 초과시 호텔에 문의팬트하우스A 펜트하우스B 4인기준혼숙불가,혼숙으로 입실거부될시 취소불가합니다.펜트하우스객실 4인기준 초과로 입실거부될시 취소불가합니다.애완견 동반 입실 불가. 동반입실시 퇴실조치 될수 있습니다. (퇴실조치시 환불불가)자세한 사항은 호텔로 문의 부탁드립니다시간이 경과되면 시간추가요금이 발생합니다(1시간당:15,000원 현금결제)호텔 객실 내부사진은 어플에서 보여지는 것과 조금 다를수 있습니다이해부탁드립니다펜트하우스648펜트하우스B펜트하우스A코로나로인하여 펜트하우스A,펜트하우스B,펜트하우스648 객실은 인원이 변동될수 있습니다(평일) 일~목, (주말) 금~토 기준펜트하우스6481~4인 기본3시간 15만원(평일) 18만원(주말)펜트하우스A펜트하우스B1~4인 기본 3시간 7만원(평일) 11만원(주말)자세한 문의는 호텔로 전화 부탁드립니다코로나로인하여 인원은 단계별로 변동될수 있습니다호텔 객실 내부사진은 어플에서 보여지는 것과 조금 다를수 있습니다이해부탁드립니다코로나로인하여 펜트하우스A,펜트하우스B,펜트하우스648 객실은 인원이 변동될수 있습니다프런트 및 그 외 시설코로나로인하여 펜트하우스A,펜트하우스B,펜트하우스648 객실은 인원이 변동될수 있습니다(저희 호텔은 자정12시부터는 부재중으로 키오스크체크인을 진행합니다,문자메세지로받은 예약번호 4자리입력후 체크인진행하시면 됩니다 감사합니다) 문의 사항이나 이용사항은 프론트에 문의 바랍니다프론트는 24시간 이용가능합니다3인이상 혼숙불가하며 3인이상 혼숙으로 입실 거부될 시 취소 불가합니다.코로나로인하여 펜트하우스A,펜트하우스B,펜트하우스648 객실은 인원이 변동될수 있습니다", 40,000, 8.2
역삼 H Avenue-역삼점, "사장님 한마디 방문방법 도보로 선택 후 차량 방문 시 주차 절대 불가합니다.호텔메인 맨 아래 숙소정보 필독 후 예약해주세요 미확인으로 인한 환불취소 불가넷플릭스 본인계정 로그인 후 이용가능전 객실 금연입니다.예약시 보이는 숙소이용정보는 호텔규정과는 별도입니다.(여기어때 공통공지사항) 주차장 정보공지 미확인으로 인한 환불은 불가하며 꼭 공지 확인부탁드립니다.자세한 사항은 호텔측에 문의 부탁드립니다.주차는 1객실 당 1대만 가능합니다. (추가 주차 불가)예약자분들 차량 숫자에 맞춰 주차자리 확보해두니, 객실 예약할 때 방문방법 도보 로 선택 후 차량 방문 시 주차 절대 불가합니다. (주차 가능객실로 예약하여도 도보로 선택 시 주차불가)체크인시간부터 체크아웃 시간 까지만 주차 가능합니다.주차장이 협소하여 미리 주차는 어려운 점 참고 부탁드립니다.총 15대 주차시설 보유지하철 정보2호선 역삼역9호선 언주역객실내부 시설공지사항 (예약 전 꼭 확인해주세요)방문방법 차량으로 예약한 분들만 차량 1대 주차가능합니다. 도보선택 후 차량방문 시 주차 불가디럭스AB 객실은 욕조 유무 객실 체크인 시 랜덤배정됩니다. (지정 불가)도보전용디럭스디럭스AB 최대인원 2인(인원추가 및 침구추가 불가)디럭스 트윈AB 최대3인(추가 침구류 제공불가)프리미엄 트윈 기준3인최대3인(4인 입실원할 경우 호텔측에 문의 바랍니다.(인원추가요금 20,000원 발생, 사전요청 시 침구류1SET제공)3인이상 혼숙미성년자 입실 절대 불가(이로인한 취소 및 환불 불가합니다.)입실하는 인원 기준으로 최대인원 이상 입실 불가합니다.(방문객도 입실불가)4. 가족 입실 경우 가족관계증명서 필수 지참해야 합니다.체크인 전 프런트에서 짐 보관가능하나, 분실에 대해 책임지지않으니 귀중품은 따로 보관바랍니다.따로 맡기지 않은 분실물건에 대해 책임지지 않습니다.발견된 분실물은 2주동안 보관해드립니다. 이후 자동폐기됩니다연박 시 대실요금 추가됩니다. 호텔에 문의해주세요.미입실로 인한 환불 불가하니 예약 시 날짜 확인 부탁드립니다.반려동물 동반 입실 불가 주차 안내(예약 전 꼭 확인해주세요!)주차는 방문방법 차량으로 선택한 예약에 한해 1객실 당 1대만 가능합니다. (추가 주차 불가)방문방법 차량으로 예약한 분들만 차량 1대 주차가능합니다. 도보선택 후 차량방문 시 주차 불가체크인시간부터 체크아웃 시간 까지만 주차 가능합니다.추가요금 공지사항얼리체크인레이트체크아웃 시 시간당 추가요금 자동 발생됩니다.30분 초과 시부터 시간 당 추가 요금으로 발생됩니다.(EX. 디럭스 1시간30분 초과 : 추가요금 2만원 발생)디럭스디럭스트윈 시간당 10,000원 추가요금 발생프리미엄트윈 시간당 15,000원 추가요금 발생스위트로얄스위트 시간당 20,000원 추가요금 발생연박 시 대실요금 추가발생합니다.부띠크 호텔 특성 상 사진과 다른 객실이 배정될 수 있습니다.모든 공지사항프런트 및 그 외 시설 스위트,로얄스위트 객실안내(예약전 필독!)공지 미확인으로 인한 환불불가스위트 기준2인최대4인(취사가능, 루프탑수영장, 야외 미니 글램핑장)2인초과 시 인원당 20,000원씩 추가요금 발생(3인이상 입실 시 추가이불 1SET 제공가능, 사전 요청해야 제공됩니다)로얄스위트 기준4인최대6인(복층, 취사가능, 단독 루프탑수영장, 야외 글램핑장)4인초과 시 인원당20,000원씩 추가요금 발생(5인이상 입실 시 추가이불 1SET 제공가능, 요청해야 제공됩니다)최대인원 초과 시 객실 1개 더 예약하셔야 됩니다.수영장 이용안내수영장 이용 시 추가요금 100,000원 발생합니다.안전상 문제로 오후 20시 이후에는 물 받는게 불가합니다.동절기 및 기후상황이 좋지 않을 시 수영장 이용이 불가합니다.(비, 눈, 태풍, 등)수영장은 위생,오염방지로 인해 수영장 물을 미리 채우지 않기 때문에 당일 입실 2시간전에 미리 연락부탁드립니다. 연락 없을 시 미사용으로 간주합니다.수영장 물 온도(동절기 미온수그외 : 항상 냉수) 취사 정보(예약 전 꼭 확인해주세요)스위트, 로얄스위트 객실 내부에 연기감지기 설치되어 있어 취사불가합니다.야외 글램핑장에서 취사 가능합니다.스위트 : 취사에 필요한 조리도구 및 식재료 직접 구비, 가스그릴 사용가능(입실 하루 전 요청해야 제공됩니다. 미요청 시 제공불가)로얄스위트 : 취사에 필요한 조리도구 및 식재료 직접 구비, 가스그릴 사용가능(글램핑장에 설치되어 있음)가스그릴 이용 시 주의사항가스통은 직원 외에 절대 만지지 말고, 사용 시 프런트에 문의주세요.화재위험 및 안전사고에 유의해주세요.전기제품 및 가스제품 사용 시 안전수칙 지켜주세요.(화상,폭발사고,감전사고,가스누수 등)늦은 저녁 시간 다른 고객분들을 위해 음주가무 및 고성방가 금지물놀이 시 안전사고에 주의해주세요.호텔 모든 시설 이용 시 발생하는 안전사고는 호텔에서 책임지지않습니다.", 30,000, 9.4
강남 녹스 호텔, "사장님 한마디 1.전객실최신온라인게임가능(노하드pc)2.휘트니스센터,세탁실24시간운용3.강남최고의스위트룸,로얄스위트룸,펜트하우스보유 혜택안내요금할인주차장 정보주차장이 협소한 관계로 주차로 우선주차 이며주차장이 없을 경우 외부 유료주차장을 이용해주세요총 16대 주차시설 보유현재 주차장 만차 도보로 이용해주세요.지하철 정보2호선 역삼역9호선 언주역객실내부 시설스탠다드 ,디럭스 기준인원 2명 (추가인원 불가)프리미엄 기준인원 2명 최대인원2명 (추가인원 1인당 10,000원)스위트룸 (단층 1202호) 기준인원 2명 최대인원2명로얄 스위트룸 (복층 1201호) 기준인원 2명 최대인원2명로얄 스위트룸 (수영장 301호) 기준인원 2명 최대인원2명로얄 스위트룸 (수영장 301호) 이용시 수영장 물 온도는 25도 28도 사이 입니다 물 온도는 임의로 변경이 불가하니 착오 없으시기 바랍니다스위트룸 (단층), 로얄스위트룸 (수영장), 로얄 스위트룸 (복층) 이용시 음악 및 스피커 사용은 PM11시 까지만 가능합니다.스위트룸 노래방 이용 가능합니다.1객실 당 주차 1대만 가능 합니다 (전 객실 모두 동일)여기어때 회원혜택은 제휴점 내규에 의거합니다 미성년자 예약으로 인한 입실거부는 취소환불이 불가합니다프런트 및 그 외 시설2층 로비에 각종 음료와 커피,그리고 차 한잔의 여유지하3층 세탁시설", 30,000, 9.3
역삼 브라운도트, "사장님 한마디 객실은 랜덤배정으로 상품 이미지와 다를 수 있습니다.주차는 1객실당 1대만 가능하며, 특수차량(튜닝카,스포츠카,승합차,대형차량일부전기차)등 주차타워 이용이 불가능한 차량은 주차이용이 불가능 합니다.전체 판매상품은 기본 2인 기준이며, 일부객실에 한하여 추가 인원 이용이 가능하며, 추가 요금이 발생합니다.해당 매장 이용시 매장 및 객실 내 손상이 발생할 경우 법적 책임을 물을 수 있습니다.이용안내에 명시된 내용으로 인한 취소 및 환불은 불가능합니다.퇴실시간 시간당 추가 요금이 발생합니다. 일부 상항에따라 시간추가가 안될수있으니 프론트 문의 바랍니다. 넷플릭스 웨이브 티빙 디즈니 플러스 무료이용 가능하십니다. (디즈니 플러스는 스위트객실만 이용가능)주차장 정보주차시 당호텔은 기본적으로 기계식리프트주차입니다리프트진입이 안되면 추가요금 만원이 발생할 수 있습니다.(프리미엄,스위트제외)슈페리얼객실이용시 해당리프트 진입이 안되는차량(튜닝카, 스포츠카, 승합차, 대형차량)공차중량이나 길이가 주차타워 기준에 맞지않아 이용이 불가능한 차량(전기차일부,대형세단,대형suv)리프트 이용을 원치 않는차량꼭 당호텔에 미리문의바랍니다.객실이용시 미리 주차안됩니다.총 20대 주차시설 보유지하철 정보2호선 역삼역9호선 언주역프런트 및 그 외 시설편의 시설루프탑 운영중 루프탑 패키지 구매시 단독 이용가능(바베큐 그릴운영중, 부수적인 음료 및 음식, 식기류는 개인적으로 준비하셔야합니다.)전객실 netflix,wavve,tning, wifi 무료이용 가능전객실 무선 충전기 설치일부객실 스타일러 이용가능전객실 향균 ACE침대전체 건물, 전객실 금연구역 운영중비대면이 생활화된 시기에 맞는 키오스크 운영중주차는 1객실당 1대만 가능하며, 특수차량(튜닝카, 스포츠카, 승합차, 대형차량)등 주차타워 이용이 불가능한 차량은 주차이용이 불가능전체 건물 및 전객실 프리미엄 방역업체 세스코의 방역관리와 쾌적한 이용 환경을 제공", 70,000, 9.7
역삼 스타 프리미어, "사장님 한마디 전 객실 넷플릭스 무료시청 가능, 전 객실 pc이용 가능배틀그라운드, 오버워치 등 유료게임 이용 시 본인이 구매한 계정을 소유하고 있어야합니다.전 객실 최대 인원 2인이며, 3인 이상 혼숙 불가합니다(코로나 단계에 따라 스위트B, 트윈룸은 동성 3인까지 가능)미성년자는 절대입실 불가합니다 (2023년 기준, 생일이 지난 2004년생 부터 입실가능 이를 어기고 예약 시 환불 불가) 주차장 정보 정문 1층 주차장 발렛 파킹 주차서비스 가능객실 당 주차 1대 가능입실시간 외에 미리 주차는 안됩니다.총 23대 주차시설 보유지하철 정보2호선 역삼역9호선 언주역주변 정보객실은 부티크 호텔 특성 상 이미지와 다른 객실이 배정될 수 있습니다.객실 지정은 불가 합니다 (체크인 시 랜덤 배정)입실 시간 외에 미리 주차는 불가 합니다.객실 당 차량 1대 주차 가능합니다.(단, 도보 전용특가 객실은 주차 불가)숙박 12시간 기준입니다. (단 AM 03:00 이후 체크인 시 10시간 제공)체크 아웃 시간 이후 퇴실 시 자동으로 추가 요금 부과됩니다.전 객실 최대 인원 2인.( 단, 스위트B트윈룸은 3인까지 가능하나 인원 추가 요금 발생)오버워치, 배틀그라운드 등 유료 게임 이용 시 본인이 구매한 계정을 소유하고 있어야 합니다.객실 키 분실 시 분실료가 부과 되니 외출 시 프런트에 보관 바랍니다.미성년자는 절대입실 불가합니다 (2023년 기준, 생일이 지난 2004년생 부터 입실가능 이를 어기고 예약 시 환불 불가)연박 시 추가 요금 발생합니다.(호텔 측에 문의)반려 동물 동반 입실 불가 합니다.자세한 사항은 호텔로 문의 주세요객실내부 시설객실은 부티크 호텔 특성 상 이미지와 다른 객실이 배정될 수 있습니다. (객실 지정 불가)정원 2명 유지하면서 객실 릴레이 사용 금지미성년자는 입실 불가합니다 (2023년 기준, 생일이 지난 2004년생 부터 입실가능)스위트B와 트윈룸만 인원 추가 시 동성 최대 3인 이용 가능합니다연령을 떠나 가족 이외에는 3인실 혼숙 불가(가족일 경우 가족관계 증명서 제출)신분증 요청 시 실물 신분증을 제시해주셔야 합니다 (사진으로는 입실 불가)프런트에 맡기지 않은 귀중품은 책임지지 않습니다 체크아웃 시간 30분 초과 퇴실 시 추가 요금 부과됩니다.1층에서 와인잔, 오프너 대여해드립니다.숙박의 경우 AM 03:00 이후 체크인 시 10시간 제공 됩니다.전 객실 최대 인원 2인 (스위트B, 트윈룸은 동성 3인까지 가능) 게임룸 경우 유료 게임 이용 시 본인 계정 필요. 게임룸 노하드PC로 설치된 게임 이외의 게임 이용시 미리 문의 바랍니다.분실물은 습득일로부터 2주간 보관하며 이후엔 폐기처분합니다.객실 키 분실 시 분실료 부과되오니 외출 시 프런트에 보관바랍니다.반려동물 입실 절대 불가미성년자는 절대입실 불가합니다 (2023년 기준, 생일이 지난 2004년생 부터 입실가능 이를 어기고 예약 시 환불 불가)자세한 사항은 호텔로 문의 주세요프런트 및 그 외 시설 전 객실 넷플릭스 무료 시청가능 (호텔 계정 제공 단, 이용 인원이 많을 시 추가 제공은 어렵습니다) 전 객실 PC이용 가능(도보전용, 스탠다드, 디럭스, 트윈, 스위트 객실 노하드PC) 게임룸 객실 오픈! 최고사양 2PC (7.1ch 진동 게이밍 헤드셋 대여 가능) 전 객실 최고급 침구류, 비데, 공기 청정기 비치 스위트 객실 스타일러, 안마의자, 전자렌지 비치 TV와PC 연결 가능, WiFi free ,전 객실 고데기, 스킨로션 비치 전 객실 고속 무선 충전기 비치 완료(호환이 안되거나 추가로 충전기가 필요하시면 프런트에서 무상 대여 해드립니다)", 25,000, 9.2
역삼 아드리게, "주차장 정보주차 불가차량 : SUV차량, RV차량, 튜닝차량, 구형 에쿠스주차시설을 보유한 숙소입니다.(차량 이용 시 숙소에 문의해 주세요.)지하철 정보2호선 역삼역9호선 언주역", 40,000, 9.1
역삼 린, "사장님 한마디 전객실 노하드 넷플릭스 공기청정기라텍스메트리스완비고사양 배그풀옵션pc완비최고급파티룸완비예약전 반드시 확인해주세요!모든 객실 타입별 랜덤 배정입니다예약을 해주셨어도 객실상황에 따라 대기하실 수 있습니다예약시간 이외 입실 또는 퇴실시 시간당 1만원의 추가요금이 자동으로 발생됩니다.일회용품은 체크인시 프론트에서 별도로 1,000원(2인세트)에 구매바랍니다.오후 8시이후 파티룸 스위트룸 노래방기계 사용이 제한됩니다 혜택안내요금할인객실문에 부착된 여기어때 혜택마크를 찾아 QR코드로 혜택받으세요.주차장 정보 주자창 정보주차장 보유 여부 : 보유 (15대) 추가 안내사항 총15대 주차시설보유 1객실당 차량1대 무료, 추가시 20,000원이 발생됩니다.예약하시는 고객님들은 입실시간에 맞춰서 주차가능합니다.미리주차 또는 늦은퇴실시 주차요금 20,000원이 발생됩니다.총 15대 주차시설 보유지하철 정보2호선 역삼역9호선 언주역객실내부 시설전객실 노하드 넷플릭스 공기청정기 라텍스침대모든 객실 타입별 랜덤 배정입니다예약을 해주셨어도 객실상황에 따라 대기하실 수 있습니다예약시간 이외 입실 또는 퇴실시 시간당 1만원의 추가요금이 자동으로 발생됩니다.일회용품은 체크인시 프론트에서 별도로 1,000원(2인세트)에 구매바랍니다.차량1대 무료, 차량1대 추가시 20,000원 발생됩니다.연박 가능합니다.라텍스 퀸사이즈 침대에서 편하게 쉴수 있는 공간을 호텔 린에서 만들어 드리겠습니다.최신 영화 드라마 다시보기 서비스 진행중 입니다.단체모임 , 친목모임, 연인분들 이벤트 , 파티 등 하실수 있는 파티룸입니다.주변기기(블루투스 스피커 및 빔 프로젝터,미러볼 등)는 분실로 인하여 비치하지 않고 있습니다.개별준비 바랍니다.4인 기준 최대8인(5인입실부터 인당 20,000원 추가비 발생)추가인원 발생시 추가이불 2개까지만 제공됩니다.1대 무료주차, 1대 추가시 20,000원 주차요금 있습니다.넓은 바테이블 , 라텍스 퀸사이즈 트원 침대노래방이용은 20시 이후 다른 손님들을 위해 이용 불가합니다.예약시 0234540666 꼭 문의해주세요. 많은 예약 부탁드립니다.20시 이후 노래방이용 불가하며 사용시 강제퇴실 조치를 취할수밖에 없으니 주의 부탁드립니다.4. 전객실 pc 1대이며 고사양게임을원하시는분들은 배그pc로 예약해주시고입실시 프론트에 문의바랍니다.", 30,000, 9.2
역삼 A-NA HOTEL, "사장님 한마디 연박 연박 시 추가요금 발생 공휴일 마찬가지로 추가요금 부과 주차 반드시 차량 있으면 차량가능 전용상품 예약필수 특수차량(스포츠카, 대형SUV, 승합, 트럭, 튜닝카 등) 사전문의 필수 1 객실 1 대 주차 O 1 객실 2 대 주차 X 입실시 1. 차량 STOP 2. 차키 PASS 3. 발렛 SERVICE 퇴실시 1. 퇴실 10분전 객실 내 차량대기 버튼 PRESS 2. 차량 준비 후 객실로 CALL 3. 마지막까지 최고의 발렛 SERVICE 주차장 정보총 9대 주차시설 보유현재 주차장 만차 도보로 이용해주세요.지하철 정보2호선 역삼역수인분당선 선릉역객실내부 시설친환경 최고급 ACE침대Modern 수입가구SK 브로드밴드 Giga Internet Btv Giga WifeBtv 다시보기 VOD SERVICESAMSUNG 55 inch TV65 or 75 inch SMART TV3in1 멀티 고속 충전", 40,000, 9.1
강남 카파쓰, "사장님 한마디 전 세계 해외 방문객과 함께하는 최고의 호텔역삼동 카파쓰 호텔입니다.전 객실 ACE 침대, CESCO 인증관리 중이며,모든 객실은 금연입니다.카파쓰 호텔에서는 코로나 바이러스 전염 예방 및 전파 방지를 위해 조식 서비스 제공을 잠정적으로 중단하게 되었습니다. 이점 양해 부탁드립니다. 혜택안내요금할인주차장 정보만차 전 선착순 객실당 주차 1대 가능 하며 코로나 감염방지로 셀프발렛입니다. 그외 고가의 수입차량,스포츠카,특수대형차량은 방문전 필히 사전문의 바랍니다벤틀리,롤스로이스,페라리,람보르기니,마이바흐,포르쉐 등등 1억 이상 고가수입차는 전용주차 공간 이용료 50,000원 추가 발생되며 만차시 주차불가이기에 필히 사전 문의 없이 발생된 분쟁에 대하여 당호텔은 일절 책임지지 않으니 협조와 주의 부탁드립니다.카니발급 이상 대형SUV,승합,트럭 고가 스포츠카,특수차량은 주차불가 하며,주차시 1박당 30,000원 추가요금이 발생됩니다.차량 추가비용 1대 : 30,000원 (체크인 전, 체크아웃 이후 시간당 : 10,000원 추가요금,1억이상 수입차는 체크아웃 이후 주차시 시간별 주차요금과 전용 주차공간 이용료 50,000원이 각각 재청구가 되오니 필히 주지 바랍니다.)도보 전용 상품으로 예약시 주차비 30,000원이 추가 발생됩니다.총 26대 주차시설 보유지하철 정보2호선 선릉역2호선 역삼역수인분당선 선릉역주변 정보2호선 역삼역 1번출구 테헤란로 방향 5분거리객실내부 시설전 객실 금연이며, 흡연시 10만원 과태료 부과 됩니다.객실 내 물품 반입시 당 호텔 프론트로 문의를 해주셔야 하며, 당 호텔의 동의없이 물품반입은 불가합니다.어떠한 경우라도 호텔 및 객실 내 손상으로 재산상의 손해가 발생될 경우 법적인 책임을 물을 수 있습니다.추가 안내사항안내된 객실요금 오류 발생시 해당일 요금 기준하여 차액이 청구됩니다. (현장결재)객실은 지정 불가 합니다. (체크인 시 랜덤 배정)인원 추가시 1인당 2만원이 발생합니다.(미취학 아동은 무료)전 객실 금연이며 , 흡연시 10만원 과태료 부과 됩니다.전 객실 반려동물 입실 불가이며 , 발견시 10만원 과태료 부과 됩니다.미성년자는 보호자 동반 없이 이용 할 수 없습니다미성년자 예약시 입실 거부되며 이로 인한 환불은 불가 합니다.3인이상 혼숙은 불가합니다.(사전문의 없이 예약시 환불 및 취소가 불가합니다.)객실 내 물품 반입시 당 호텔 프론트로 문의를 해주셔야 하며, 당 호텔의 동의없이 물품반입은 불가합니다.어떠한 경우라도 호텔 및 객실 내 손상으로 재산상의 손해가 발생될 경우 법적인 책임을 물을 수 있습니다.", 58,000, 9.2
역삼 마리호텔, "사장님 한마디 프렌치 살롱 스타일의 Elegant 하고 Economical한 호텔 주차장 정보주차장 보유숙소 입니다.총 40대 주차시설 보유지하철 정보2호선 선릉역2호선 역삼역수인분당선 선릉역주변 정보역삼역2호선 부근역삼 센터필드 도보 2분선릉과정릉 차량 6분삼성동 코엑스 차량 10분객실내부 시설킹사이즈 라텍스매트리스 무료미니바55SMART TVNETFLIX TVING OTT SERVICE스팀다리미 무료 대여서비스프런트 및 그 외 시설LOBBYFRANKE IKOVOX COFFEE무료주차 서비스(VALLET SERVICE)", 70,000, 9.7
삼성 JS, "혜택안내요금할인주차장 정보 객실 이용시 객실당 주차 1대가능 합니다.(2대 입실 불가)도보전용구매후 주차하실때 2만원 따로부과됩니다주차시간은 입,퇴실시간에만가능 어길시 주차요금 따로부과됩니다총 17대 주차시설 보유지하철 정보2호선 선릉역주변 정보서울특별시 강남구 선릉로92길 3752호선수인분당선 선릉역 10번 출구 도보 5분거리 2호선 삼성역(코엑스) 도보 10분거리서울선릉과정릉 공원 입구까지 도보 2분객실내부 시설일반실 50인치 TV특실 65인치 TV VIP 객실 75인치 TV(스타일러) 전객실 넷플릭스, 유튜브등 OTT 프로그램 무료 시청가능 전객실 욕조,비데 설치 완료전객실흡연가능프런트 및 그 외 시설 무인 키오스크로 비대면 체크인 24시간 직원 근무(미성년 입장불가, 신분증 미지참시 강제 퇴실조치 및 환불불가) 전 객실 2인 입실 기준이며, 3인 이상 입실시 입실 불가,강제 퇴실조치 (취소 및 환불불가) 이용에 참고 부탁드립니다. 객실 이용시 객실당 주차 1대가능 합니다.(2대 입실 불가) 전객실 욕조 이용가능(비데) 성수기 및 특정일, 공휴일(전일 포함)에는 요금 변동이 있을 수 있습니다.", 40,000, 9.4
선릉 베드스테이션, "사장님 한마디 연박이용고객님들은추가요금없이종일사용가능합니다.3인이상남녀혼숙금지!가족제외(증명이필요합니다)미성년자입실불가능합니다호텔측사정에의한취소발생시100%전액환불처리됩니다호텔측사정으로객실정보가수시로변경될수있습니다(객실정보변경에대한불이익은당사가책임지지않습니다) 주차장 정보 기계식 주차장은 준,중형 국산 승용차만 가능합니다. 외부 주차공간이 협소하니 그외 차량 이용시 전화 문의주세요.총 15대 주차시설 보유현재 주차장 만차 도보로 이용해주세요.지하철 정보2호선 선릉역수인분당선 선릉역주변 정보 선릉,정릉 도보1분 코엑스 도보 10분 선릉역 도보 3분객실내부 시설최신 영화 다시보기전채널 최신 TV 다시보기전객실 고사양 PC고사양 게임 ( 배틀그라운드 )고데기 대여 해드립니다더블더블 객실은 전화문의바람프런트 및 그 외 시설로비커피머신 완비물,음료 별도 요금 없이 무료로 제공 하고 있습니다", 25,000, 9.1
선릉 그레이호텔, "혜택안내요금할인주차장 정보차량방문시 1객실당 1대만 주차가능합니다.만차시 주차는 불가하며 인근 공영주차장을 이용부탁드립니다.어플 예약시 만차상태라 도보방문으로 이미 예약을한 건에는 (차량) 주차가 절대 불가합니다.만차가 아니더라도 디럭스(차량불가객실)로 예약시 주차불가, 차량방문으로 예약해도 디럭스(차량불가)객실로 예약하면 주차불가합니다.반드시 주차가능한객실과 차량방문으로 예약해야만 주차가능합니다필히 주차가 필요하신 경우엔 숙소에 꼭 먼저 문의하시길 바랍니다!차량예약시 입실시간 맞춰 주차가능합니다퇴실시간 이후 차량 미출차시 퇴실시간부터 추가요금 부과됩니다.총 5대 주차시설 보유지하철 정보2호선 선릉역주변 정보선릉역1번출구도보3분객실내부 시설전객실 입실시 랜덤배정되며 사진과 다를수 있습니다숙박 체크인시 예약자명과 예약번호를 확인 후 입실 가능합니다.객실내에는 샴푸, 린스, 바디워시 무상제공그 외 세면도구 및 일회용품은 프론트에서 별도구매 (정가2천원,환불불가)기본숙박칸(연박불가)으로 연박예약시 기본숙박과 연박전용예약과의 차액만큼 추가요금 이 부과됩니다.(연박은 연박전용탭이 있는 디럭스,디럭스객실만 가능합니다)대실이용시 숙박으로 요금추가 변경불가하며 숙박으로 변경시 다시 숙박요금전액을 결제하셔야합니다.늦대실 이용시 밤11시가 넘어가는 순간 숙박요금전액이 부과되므로퇴실시간을반드시 준수 바랍니다.객실당 2인기준 요금이며 코로나19로 인하여 정원초과는 불가합니다. 보고없이 추가인원적발시 과태료 청구와 환불없이 즉시 강제퇴실조치합니다.신분증확인요구시 미지참시 출입불가 (취소환불불가)하므로 이점양해바랍니다.객실키 분실시 분실료가 부과되오니(2만원) 외출시 프론트에 맡겨주세요.객실이용시 객실내시설물(린넨류포함)등 훼손시 과태료가 청구되오니 이점 양해바랍니다, 염색 금지얼리체크인과 레이트 체크아웃시 추가요금 발생됩니다. (빠른입실과 퇴실시간이 지난경우)얼리체크인시:디럭스,디럭스객실:30분이내(5,000원),30분이상~1시간이내(1만원)그이상은 디럭스,디럭스기준 시간당 1만원부과(추가요금은 호텔사정에따라 변동될수 있습니다)스위트30분8천원 1시간15,000원부과됩니다(주말에는 대실비가 추가됩니다)단, 레이트 체크아웃시:객실종류에따라 시간당으로 추가요금부과됩니다이용시간이후 연장할경우 시간연장인지 대실연장인지 결정후 미리 프론트에 알려주셔야합니다그렇지않을경우 시간연장으로 간주하여 시간당또는 대실요금 으로 부과됩니다고객 부주의로 일어난 사고에 대해서는 그레이에서 책임지지 않습니다.그레이호텔은 금연건물입니다. 흡연 시 과태료 10만원이 부과됩니다.정원2명유지하면서 객실 릴레이 이용은 불가합니다.(최초입실자2명외입실금지)동물 식물 입실 절대 금지. 입실시 환불없시프런트 및 그 외 시설퇴실됩니다.로비에서 커피베이커리 각 얼음 이용가능.로비에 A waiting seat여기어때앱으로 결제예약한 경우 그레이호텔은 여기어때 규정에 따르고있습니다.숙박이용시간(심야시간)에 타고객에게 민폐를 끼칠경우 환불없이 강제퇴실조치하오니 양해바랍니다법적기준 미성년자는 이용불가, 보호자 동반 시에도 입실 불가신분증확인요구시 미지참시 출입불가 (취소환불불가)하므로 이점양해바랍니다.(신분증 사진은 인정 안됨)실물신분증 실물여권 실물운전면허증만 인정됩니다.전객실 입실시 랜덤배정되며 사진과 다를수 있습니다충전기와 와인오프너는 프론트에서 무료대여가능합니다. (충전기 대여 시 신분증 보관 필수)WiFi free ,전객실 매직기넷플릭스는 개인계정 이용하여 셋탑박스로 시청 가능객실내 킥보드 자전거 입실 불가능.욕조있는 객실 입욕제 사용 불가능( 착색시 비용 청구)", 40,000, 9.5
대치 컬리넌, "혜택안내요금할인주차장 정보투숙객 차량 1대까지 무료 발렛파킹총 25대 주차시설 보유지하철 정보2호선 삼성(무역센터)역2호선 선릉역수인분당선 선릉역객실내부 시설전객실 입실시 랜덤배정되며 사진과 다를수 있습니다보고없이 추가인원적발시 과태료 청구와 환불없이 즉시 강제퇴실조치합니다.신분증확인요구시 미지참시 출입불가 (취소환불불가)하므로 이점양해바랍니다.객실키 분실시 분실료가 부과되오니 외출시 프론트에 맡겨주세요..정원2명유지하면서 객실 릴레이 이용은 불가합니다.(최초입실자2명외입실금지)프런트 및 그 외 시설여기어때앱으로 결제예약한 경우 컬리넌호텔은 여기어때 규정에 따르고있습니다.", 30,000, 9.3
강남 데미안, "사장님 한마디나홀로 패키지 객실은 1인 입실 기준 객실입니다.필히 확인 후 예약 부탁드립니다.주차장 정보정문 1층 야외주차 4대 정문 지하주차장 4대3층 후문 야외주자창 6대인근협력업체 주차 5대총 19대 주차시설 보유지하철 정보2호선 역삼역3호선 매봉역수인분당선 한티역주변 정보강남 세브란스 변원 도보 5분거리객실내부 시설연박 이용 시 추가요금 30,000원 있습니다.모든 추가 결제는 현장에서 진행됩니다.추가 안내사항데미안호텔 규정신분증 미 지참시 입실이 거부 될수 있으며 이로 인해 입실을 하지 못 할 경우 취소나 환불 불가합니다.전객실은 2인 기준 요금이며 2인까지 입실가능합니다.디럭스 1인 스위트 스위트 트윈 2인 추가가능(인원추가 요금 2만원, 침구 추가요금 1만원)객실당 주차 1대 가능연박 이용시 추가 요금 객실별, 요일별 상이합니다.모든 추가 결제는 호텔에서 진행합니다.", 30,000, 9.2
양재 데님 호텔, "주차장 정보1객실 당 1대 주차가능(초과시 현장에서 추가금액 발생합니다.)총 40대 주차시설 보유지하철 정보3호선 양재(서초구청)역3호선 매봉역수인분당선 구룡역신분당선 양재역신분당선 양재시민의 숲역", 40,000, 8.7
강남 제리스플래닛, "사장님 한마디 여기어때 회원 혜택은 어플로 결제하셨을 경우에만 적용됩니다.숙박예약은 미리 예약이 안됩니다. 당일 어플로 예약이 됩니다. 당일 예약이 안되시면 마감입니다.어플 또는 결제관련 오류에 대해서는 여기어때 고객센터로 문의해 주시기 바랍니다.방문해주시는 고객님들께 언제나 감사드립니다. 좋은 하루 되세요 . 혜택안내요금할인주차장 정보 기계식 주차장 (SUV 같은 대형 차종은 사전에 문의 부탁드립니다.) 입실 시간 이전 선주차가 불가, 이 점 양해 부탁드립니다. 0 차량은 한대씩만 주차 가능합니다. 제리룸 객실 이용시에만 최대 2대 이용가능주차장 미보유 숙소입니다. 도보로 이용해 주세요.지하철 정보2호선 역삼역2호선 강남역9호선 신논현역신분당선 강남역객실내부 시설Jerrys room (파티룸) 6명 숙박 가능 (6인 이상 금지) 바베큐 이용 불가 게임기, 반신욕장, 빔 프로젝트 이용가능 정수기 및 냉장고, 전자렌지 이용 가능. 자세한사항은 025554204로 문의바랍니다. 2023년 4월 12일부로 전객실 침구류 새걸로 교체 진행하였습니다.", 30,000, 9.4
역삼 트리아, "사장님 한마디 호텔 트리아는 서울특별시 강남구 역삼동에 위치하고 있으며, 서울 여행을 위한 최적의 장소입니다.이곳에서 생동감 넘치는 도시의 많은 것을 최대로 즐길 수 있습니다. 본 숙소는 조이 골프백화점, 라인 갤러리, 헬로우 뮤지엄 등과 같은 도시의 주요 명소들과 가까운 거리에 있어 투숙객이 편리한 여행을 즐길 수 있습니다.24시간 프런트데스크, WiFi (무료), 여행 가방짐 보관 서비스 등의 고객 편의 서비스를 갖추고 있습니다.전 객실 평면 TV, 거울, 슬리퍼, 타월, 무선 인터넷 (무료) 등을 제공드리며, 본 숙소 투숙 기간 다양한 여가 시설 등을 이용할 수 있습니다. 호텔 트리아의 좋은 위치와 서비스를 충분히 즐기며, 즐거운 서울 여행이 되시길 바랍니다. 혜택안내요금할인주차장 정보(1)1객실당 1대만 주차 가능 합니다.(2)차량 추가시 대실2만원 숙박1박당 3만원 의 추가비용이 발생합니다.(3)화물차(사이즈가 큰 차량), 튜닝카,고가 스포츠카는 주차 불가능합니다.또는 지상주차장을이용 하되, 추가 요금이 발생됩니다.예약하시기전 참고 부탁드립니다.(4)만차시에는 주차가 불가능 합니다(5)주차관련 예약취소, 환불은 불가합니다.총 12대 주차시설 보유지하철 정보2호선 역삼역9호선 언주역객실내부 시설전 객실 넷플릭스 유튜브 시청 가능전 객실 미성년자 입실불가 (미성년자는 예약, 환불 및 취소가 불가합니다)최초입실자 2인 이외에는 입실불가 적발시 퇴실조치합니다체크인시 신분증을 반드시 지참하셔야 합니다. (프런트 확인요청시 미지참의 경우 이용불가 및 환불불가)프런트 및 그 외 시설전 객실 유무선 인터넷 (무료)객실지정예약불가(랜덤배정)생수 2병 제공 (무료)일회용품은 객실에 비치 되어 있습니다.기본 : 객실은 2인 1실", 30,000, 8.9
강남 멜리샤호텔, "혜택안내요금할인주차장 정보주차는 객실당 1대 가능합니다. (이벤트타입 불가)예약하신 입실시간 이후부터 주차 하실 수 있습니다. 퇴실 시간 이후에는 주차가 불가합니다. 차량이용불가 객실에 차량을 가져오신 경우, 미리주차나 추가 주차를 하시는 경우 주차관련 추가요금이 발생합니다. (20,000원)주차가능 객실이라도 예약을 도보로 하셨거나 만차일경우 차량 입차가 불가합니다.주차장 이용 관련하여 특이사항이 있으실 경우 호텔로 문의 부탁드립니다.총 8대 주차시설 보유현재 주차장 만차 도보로 이용해주세요.지하철 정보2호선 강남역신분당선 강남역객실내부 시설전객실 넷플릭스를 무료로 이용 가능합니다.전객실 욕조, 비데, 55인치 스마트TV, VOD , PC, 공기청정기 등의 시설을 갖추고 있습니다.최고급 구스다운 침구류와 새 린넨으로 편안한 잠자리를 경험해보세요.유럽 최고의 명품 브랜드 리날디 메모리폼 메트리스가 전객실 비치되어 있습니다.객실내 와이파이 무료 이용 가능합니다. 전객실 충전기가 비치되어 있습니다. 전객실 드라이기및 고대기가 설치되어 있습니다.프런트 및 그 외 시설 인원추가불가 및 입실시간 안내 호텔 내 전 객실이 2인 기준입니다.호텔 내부규정에 따라 처음 입실한 2인을 제외한 방문객의 객실입실이 절대 불가하오니 예약시 꼭 확인해주세요 (추가인원의 임의 입실 확인시 환불없이 강제 퇴실조치)객실 기준인원 이외의 투숙 및 인원 추가 역시 불가능 하니 이용에 참고해주세요예약상품 별로 입실 시간이 정해져 있습니다.사전 연락없이 입실시간보다 미리 방문하실 경우는 추가요금등을 결제 하셔도 입실이 불가능할수 있으니 빠른 입실이 필요하신 경우는 호텔로 사전에 연락을 부탁드립니다. (미리입실료는 통상 시간당 10,000원이며, 2시간 이상일 경우 대실료가 추가됩니다)추가적인 이용관련 궁금하신 사항 있으실 경우 호텔로 문의해주세요. 자체 방역 강화 기존에 진행해 오던 정기적인 객실 소독 각종 감염병 예방을 위해 위생관리의 질을 높이고자 추가적으로 내부 자체 방역을 실시하고 있습니다. 불특정 다수의 손길이 많이 닿는 각 손잡이부분 (로비의 현관문, 각 객실 도어락 및 손잡이, 카드키, 음료냉장고, 온장고, 전자렌지 등)과 엘리베이터 각 버튼을 수시로 소독하고 있으며, 프론트 및 셀프바, 엘리베이터 내부에 손소독제를 비치하여 각종 감염병 예방에 적극참여하고 있습니다. 기 타 렌즈통, 렌즈액 무상제공 해드립니다. 밴드,연고, 소화제,두통약등 간단한 의약품을 프론트에 구비하고 있습니다.우천시 우산 판매합니다. 갑작스런 비에 당황하지 마세요.일회용으로 제공되는 세면도구는 2인용1,000원에 판매하고있습니다.1층 로비에서 전자렌지 이용가능합니다. 다양한 종류의 커피및 음료가 로비층에 준비되어 있습니다.객실 요금 및 미성년자 이용 관련객실 요금 및 이용 시간은 호텔 내부 규정 및 당일 예약현황과 현장상황에 따라 사전 공지 없이 변동 될 수 있습니다.공휴일 및 특정일 요금의 변동이 있을 수 있습니다.현장결제 요금은 여기어때 할인 예약가와 차이가 있을 수 있습니다.가족이라 할지라도 일행", 40,000, 9.5
강남 렉시, "사장님 한마디 객실당 주차 1대만 가능합니다. 도보 예약 주차 안됩니다,조기 주차시 주차비 있습니다.(단, 세단,레이,Suv,Rv차량,외제차는 꼭 전화문의 주십시요)전화 문의 없을시 부득이 하게 주차 불가할수 있습니다.모든 객실은 2인 기준 객실은 랜덤 배정입니다( 혼숙,미성년자 입실 불가 합니다)조기입실시시간추가인원추가 10.000씩 부과 됩니다.동성 인원 추가시 문의 주시기 바랍니다트윈 2인기준 최대3인까지(추가10,000부과)혼숙 안됨vip 2인기준 최대4인까지(인당 추가 10,000씩)혼숙 안됨이벤트,촛불 안됩니다. 기물파손시 법적 책임 지셔야 합니다.매장에서 직접결제시 도도포인트 적립해드립니다.예) 현금60,000원결제시 6,000포인트적립 카드 60,000원결제시 3,000포인트적립 혜택안내요금할인주차장 정보주차기에 들어가는 소형차,중형차 만 가능 합니다(단,세단, 레이,rv,suv,외제차량은 꼭 전화문의 해주십시요)도보예약 주차 안됩니다조기 주차시 주차비 있습니다(소형차만 가능)전화 문의 없을시 주차 불가 할수 있습니다차량 만차 설정 시 호텔측으로 문의 바랍니다.총 25대 주차시설 보유지하철 정보2호선 역삼역신분당선 강남역객실내부 시설전객실 에어컨 완전분해 소독및 클리닝 실시(4월말 )전 객실 배틀그라운드 가능(기가랜설치,헤드셋 필요 시 프론트 문의)전 객실 넷플릭스 가능전 객실 4K UHD LG TV 설치(스텐다드 49인치, 디럭스이상 55인치)전 객실 고급 에이스침대 설치전 객실 셋탑박스 설치트윈베드 객실보유(더블침대싱글침대)무료 WiFi설치(1대1 객실호실)디럭스 이상 욕조, 월풀욕조 설치프런트 및 그 외 시설객실은 랜덤 배정 입니다.객실당 차량 1대 주차가능.(입실시간 맞춰서 오시면 무료주차) 단 도보예약은 주차 안됩니다(세단,레이,SUV,외제차량은 꼭전화문의주세요) 전화문의없을시 주차 불가,주차는 입실과 동시에 가능하며 퇴실 시 주차는 불가매장에서 직접 대실,숙박요금결제시 도도포인트 적립해드립니다.예) 현금60,000원결제시 6,000포인트적립 카드 60,000원결제시 3,000포인트적립", 30,000, 9.2
역삼 벤, "사장님 한마디 대실 02:00까지 운영새벽대실 전화문의공지 미숙지로 인한 불이익은 당사와 제휴점에서 책임지지 않습니다전 객실 금연실입니다 주차장 정보1객실 1대 주차가능하면 화물차량및 승합차량 , 특수차량, 슈퍼카, 튜닝카등(롤스로이드.벤틀리)은 전화로 사전에 문의 바랍니다.입차후 출차는 불가능 합니다.출차시 다시 주차 안되는점 양해부탁드립니다.총 25대 주차시설 보유지하철 정보2호선 선릉역2호선 역삼역수인분당선 선릉역9호선 언주역", 30,000, 9.6
역삼 사월호텔, "사장님 한마디 뉴욕 프렌치 모던 스타일의 명불허전의 호텔! 주차장 정보주차장 보유숙소 입니다.총 40대 주차시설 보유지하철 정보2호선 선릉역2호선 역삼역수인분당선 선릉역주변 정보역삼역2호선 부근역삼 센터필드 도보 2분선릉과정릉 차량 6분삼성동 코엑스 차량 10분객실내부 시설라텍스 매트리스BOSS AUDIO SYSTEM미니바(산펠레그리노)LG 4K CINEMA (CINEMA 4월)스페셜 미니바(CINEMA 4월)전객실 NETFLIX 프리존스팀다리미 무료 대여서비스프런트 및 그 외 시설LOBBYFRANKE IKOVOX COFFEE 무료발렛 서비스", 130,000, 9.6
역삼 CF호텔, "사장님 한마디 2021년7월18일 새롭게 단장 하였습니다비흡연 고객을위해 금연객실 별도 운영중입니다.(금연실 배정은 입실당일 호텔로 전화문의 바랍니다)항상 친절하고 청결한 객실제공을 위해서 최선을 다하겠습니다.전객실 넷플릭스가능(개인계정필요) 혜택안내요금할인주차장 정보 1실 1주차 가능합니다.2대이상 주차시 호텔문의바랍니다.특수차량 이용시(기계주차 불가차량) RV,대형SUV,수퍼카,개조차 주차불가 할수있으니 체크인전 숙소로 문의바랍니다. 체크인시에만 주차가능합니다총 30대 주차시설 보유현재 주차장 만차 도보로 이용해주세요.지하철 정보2호선 선릉역2호선 역삼역객실내부 시설 55인치 LG SMART TV 설치 Free Minibar [에비앙2Btl 아이시스 2Btl 무료제공] 비흡연 고객을위해 금연객실 별도 운영중입니다 전객실 2인기준 입니다. 3인입실 불가합니다.(여분이불 없음) 미성년자의 혼숙및 3인이상 성인혼숙예약으로 인해 발생하는 입실거부에 대해서는 취소환불이 불가합니다. Early Cin 및 Late checkout시 추가 요금이 발생됩니다. 이와 관련한 내용은 프런트에 문의 바랍니다. 보관하지 아니한 금품 및 귀중품의 분실물에 대해서는 호텔에서 책임지지 않습니다.프런트 및 그 외 시설 요금할인예약후 익일 오전06시 미입실시 NO SHOW처리됩니다. NO SHOW시 환불불가", 35,000, 9.5
선릉 호텔 스타, "사장님 한마디 스탠다드B 객실만 넷플릭스 무료시청 가능 계정작업완료.쾌적한 투숙을 위해 전객실이 금연객실로 운영중입니다. 참고하시길 바랍니다. 공지사항코로나로 인해 꼭 공지 확인 후 예약 바랍니다.코로나 감염병 예방법에 의거 객실 정원 2인 초과 입실 금지 및 객실 간 이동 금지 집합 금지 적용됩니다. 주차장 정보1객실 1차량 그 외 주차 불가주차는 입실 시간부터 적용되며 입실 전, 퇴실 후 주차 불가합니다.총 13대 주차시설 보유지하철 정보2호선 선릉역주변 정보선릉역 8번출구 도보 1분 이내포스코 도보 4분코엑스 도보 10선정릉공원 도보 3분객실내부 시설스탠다드B 객실 넷플릭스 무료시청 가능 계정작업완료 전객실 요금은 2인 기준이며 인원 추가 불가 합니다.추가 침구류 제공 불가정원 2인 초과 적발시 강제퇴실 및 환불 불가합니다.전객실 냉난방기 설치로 개별 냉난방을 이용 할 수 있습니다.디럭스 타입은 노트북이 설치 되어있으며, 그 외 객실은 프런트에서 무료 렌탈이 가능합니다.얼리체크인과 레이트 체크아웃시 추가요금 발생됩니다. (빠른입실, 퇴실시간이 지난후 체크아웃)[얼리체크인 1시간당 1만원] [레이트 체크아웃 1시간당 1만원] 의 추가요금부과됩니다.신분증확인요구시 미지참자 출입불가 (취소환불불가)합니다 이점양해바랍니다.(신분증 사진은 인정 안됩니다)프런트 및 그 외 시설로비엔 무료 원두커피가 제공됩니다.제빙기가 설치되어 얼음을 자유롭게 이용 할 수 있습니다.", 30,000, 9.2
삼성 디에이스, "사장님 한마디 객실 배정은 랜덤입니다. 층별로 스타일이 상이합니다. 객실은 지정 불가 합니다. (체크인 시 랜덤 배정) 2박 이상 연박 예약시 연박비 추가 발생 체크인 다음날 부터 일수에 따라 아래와 같이 부과됩니다. 도보 : 평일 10,000, 주말 20,000 주차 : 평일, 주말 상관없이 20,000 (평일 : 월~목, 주말 : 금~일, 공휴일 및 전일) 상기의 사유로 예약 취소 및 환불 불가하오니 주의해서 예약 부탁드립니다. 트윈 추가 인원 절대 없습니다. (2인기준) : 예외없음 트윈 미취학아동 요금 추가될수 있습니다.주중 무한대실 가능(평일)오전 9~20시까지 최대 12시간 이용가능무한대실 이용고객 주차불가 합니다현장 현금 결제만 가능합니다(예약안됨, 할인적용 안됨)대실예약 Earlybird 혜택 이벤트! 오전10~정오12시(평일) 대실입실시(예약시X) 1시간 추가 또는 객실업그레이드 혜택 원하는 혜택이 있을 시 현장 문의하세요.혼숙미성년자이용 미성년자는 보호자 동반 없이 이용할 수 없습니다 미성년자 예약시 입실 거부되며 이로 인한 환불은 불가 합니다.혼숙예약으로 발생하는 입실 거부에 대해서는 취소환불이 불가합니다. 혜택안내요금할인주차장 정보1객실1주차 입니다. 추가되는 주차차량은 주차비 현장결제 필요합니다. (대실1만원 숙박2만원)주차불가 예약건에 대해 주차 차량 가져오시면 주차비 현장결제 필요합니다. (대실1만원 숙박2만원)1톤 이상 트럭 탑차와 력셔리카는 예약전 문의 부탁드립니다. 문의없이 예약시 주차 거부 할 수 있습니다. . 차키를 프론트에서 요청시 맡기셔야합니다금연총 10대 주차시설 보유지하철 정보2호선 삼성(무역센터)역2호선 선릉역수인분당선 선릉역객실내부 시설객실 배정 랜덤입니다. 0.청결과 위생을 철저히 합니다. 1.전객실 10평이상 넓은 객실 건강을 생각한 포켓스프링 매트 , 전객실 크고넓은 풀킹싸이즈(18002000) 매트리스 (트윈룸 제외)2.무한 wifi , 삼성 천정형 냉난방 시스템, 최신50인치 LEDTV( 프리미어룸 이상), 최신올인원PC3.고객님의 건강과 위생을 생각한 화장품 및 샤워용품 고급 1회용 포장재 무료제공프런트 및 그 외 시설1.무료 발렛 서비스2.최고급 세코원두커피 머신 및 비스켓, 캔디류 무한제공3.깨끗한 샤워가운 프론트 비치로 청결 유지4.고대기 대여 완비", 30,000, 9.0
삼성 라엠-LaM, "주차장 정보차량으로 오실 때는 네비게이션에 삼성동 1003 입력하시고 오시면 쉽게 찾아오실수 있습니다대중교통으로 오실때는 9호선 봉은사역 4번출구에서 500미터 직진후 서울의료원 사거리에서 좌측으로 50미터쯤 오시면 됩니다총 10대 주차시설 보유지하철 정보2호선 삼성(무역센터)역9호선 봉은사역객실내부 시설지중해 산토리니풍의 산뜻하고 아늑한 인테리어로 리모델링을 했습니다넓은 주차장과 깔끔한 객실, 친절한 서비스로 고객님들을 정성껏 모시겠습니다일회용품은 무료로 제공하고 있습니다전객실 금연객실입니다차량이용시 1객실에 차량 1대 주차가능합니다미성년자입실 절대 금지합니다.(예약하셔도 취소안됨)신분증 꼭 지참바랍니다. 모바일신분증 안되세요!!입실 시간 외에 미리 주차는 불가합니다(평일에는 전화문의바랍니다) 전 객실이 2인실입니다. 2인이상 투숙을 원하실 경우 반드시 호텔로 연락주셔서 문의해주세요 혼숙 사용은 금지하고 있고, 사전에 연락없이 입실시에는 환불이 불가하고 사용이 제한 될 수 있습니다.연박시 추가 요금 발생합니다.(전화문의바랍니다)반려동물 동반 입실 불가합니다코로나 바이러스로 전 세계가 어려운 상황에서 저희 라엠호텔을 찾아주시는 고객님들께 감사의 말씀을 드리며 전객실 청소후 철저한 소독과 위생점검을 실시하고 있으며 객실내 모든 음료와 샤워용품을 일회용품으로 비치하여 재사용 하는 일이 없도록 하고 있으며 타올, 가운, 침구류를 재사용 없이 무조건 교체해서 청결하고 위생적으로 관리하고 있습니다객실입실후 객실취소는 어떤이유라도 취소와 환불처리 불가능하십니다.객실변경은 10분이내에는 가능하십니다대실숙박 시간연장 요금은 선불입니다 참고해주시기 바랍니다.프런트 및 그 외 시설새로운 시설, 최고의 서비스로 고객 한분한분 정성껏 모시겠습니다전 객실에 65인치(일부 일반실 55인치) 삼성 UHD 스마트TV가 설치되어 있어서 침대에 누워서 편안하게 리모컨으로 넷플릭스 시청이 가능합니다", 30,000, 9.3
선릉 프린스, "사장님 한마디 2박 이상 연박 예약 시 연박비가 추가로 부과됩니다. 연박비는 체크인, 체크아웃 날짜를 제외한 일수에 따라 아래와 같이 부과됩니다. 차량 X : 평일 10,000원 주말 20,000원 차량 O : 평일 주말 관계없이 20,000원 (평일 : 월화수목 주말 : 금토일) 상기의 사유로 예약 취소 및 환불 불가하오니 주의해서 예약 부탁드립니다. 도보전용객실 이용고객 차량이용시 추가비용 20,000원 주차요금 부과되니 예약시 확인 바랍니다. 2.2M 탑차이상, 1.5t이상 화물차 주차 안됩니다. (탑차 관련해선 숙소로 문의주시고 부득이하게 주차를 원할경우 숙박료외 주차비 30.000원 부과 됩니다.) 혜택안내요금할인주차장 정보넓은 주차장 보유 문의 없이 항시 주차 가능 합니다.1객실당 1주차만 가능합니다.대실 차량 추가시 20,000원, 숙박 차량 추가시 20,000원도보전용객실 이용고객 현장 추가비용 20,000원 결제시 차량 이용 가능주차시설을 보유한 숙소입니다.(차량 이용 시 숙소에 문의해 주세요.)지하철 정보2호선 선릉역객실내부 시설전 객실 무한 WiFi전 객실 천정형 삼성 시스템 에어컨전 객실 최신 삼성 LED 대형 TV전 객실 PC, 23인치 LED 모니터전 객실 깨끗하고 새로 제작한 침구류전 객실 USA 이클립스 새 메트리스로 전격 교체 남다른 엄청난 크기의 풀킹사이즈(1,8002,000) 침대 키 180cm 이하라면 가로, 세로 번갈아 누우셔도 됩니다.비즈니스룸 제외 뽀송뽀송 새 타올로 전면 교체 항상 회원님의 건강을 먼저 생각하는 프린스로 거듭나겠습니다.프런트 및 그 외 시설풍부한 먹거리 서비스!강남 최고의 넓은 주차장 보유!후문 주차장 200평 규모, 지하주차장 8대, 정문주차장 5대, 총 60대 주차 가능!주차장에 차 세우시고 체크인후 외출 및 입실해주세요.", 40,000, 8.9
개포 컬리넌, "혜택안내요금할인주차장 정보차량은 1객실당 1대만 가능합니다.주차장이 협소한 관계로 지정된 주차대수 외에는 주차가 불가합니다.입실시간 이전, 퇴실시간 이후에는 주차장을 이용하실 수 없습니다.주차관련 예약취소나 환불은 불가하오니 공지사항 숙지 후 예약부탁드립니다.총 14대 주차시설 보유현재 주차장 만차 도보로 이용해주세요.지하철 정보3호선 매봉역수인분당선 구룡역신분당선 양재역신분당선 양재시민의 숲역객실내부 시설객실요금 및 시간 관련객실요금은 2인 기준입니다.얼리체크인 및 레이트체크아웃시 추가요금이 발생합니다.객실요금 및 이용시간은 호텔 내부 방침에 따라 사전 공지없이 변경될 수 있습니다.공휴일 및 특정일은 객실요금이 변동 될 수 있습니다.연박 이용시 추가요금이 발생할 수 있습니다.02) 20581558 으로 문의 바랍니다.주차장 이용안내차량은 1객실당 1대만 가능합니다.주차장이 협소한 관계로 지정된 주차대수 외에는 주차가 불가합니다.입실시간 이전, 퇴실시간 이후에는 주차장을 이용하실 수 없습니다.주차관련 예약취소나 환불은 불가하오니 공지사항 숙지 후 예약부탁드립니다. 미성년자 입실 제한전객실 미성년자 입실불가. (미성년자 예약의경우 환불 및 취소는 불가합니다)체크인시 신분증을 반드시 지참하셔야 합니다. (프런트 확인요청시 미지참의 경우 이용불가 및 환불불가)환불규정체크인 날짜 기준 당일취소 및 Noshow 전액 환불불가프런트 및 그 외 시설 건물 내 안심소독 진행중 객실, 로비, 프런트 이용안내 객실 내 생수2, 음료2 샴푸, 바디워시, 린스, 비누 일회용 남여 스킨, 로션 비치일회용품(칫솔, 치약, 면도기 등 )은 프런트에서 구매가능합니다. (1,000원)짐보관 서비스 : 체크인 전, 후 무료 짐 보관 가능 (24시간 운영)미니바 운영 : 1F 원두커피 및 허브티, 전자렌지 이용가능대여물품 : 고데기(일부 객실내 비치중), 노트북전객실 금연", 41,000, 9.2
논현 왈츠, "사장님 한마디 신논현역 3번출구 도보2분공지사항 확인후 예약해주세요 혜택안내요금할인주차장 정보정문 1층 주차장 주차장이 굉장히 협소합니다차량방문으로 반드시 예약해야하며 도보방문예약시 주차 절대불가차량방문시 주차장이용요금이 부과됨을 양해바랍니다(1객실당1대)3천원차량으로예약후고객변심으로인한도보방문시패널티부과 이점양해바랍니다총 4대 주차시설 보유지하철 정보9호선 신논현역주변 정보신논현역 3번출구 196m(도보 2분거리)베이커리및커피 서비스객실내부 시설전객실 입실시 배정되며 사진과 다를수 있습니다준특실은 더블원베드2개를 붙여놓은 타입입니다특실은 2가지 타입으로 킹사이즈원베드와 퀸사이즈원베드싱글베드1개로 트윈룸으로 되어있습니다(사진은 킹사이즈 침대 1개있는객실입니다)월풀사용x욕조는 특실에만 있습니다(랜덤배정 문의주세요)테라스룸의 야외테라스 티테이블(야간조명없음),WiFi free ,전객실 매직기서비스세면도구 및 일회용품은 프론트에서 별도구매 (2,000원),환불불가전객실PC사용불가 예약시 문자확인하시고 퇴실시간 준수부탁드립니다 넷플릭스 사용은 개인계정으로 가능합니다.마지막대실 이용중 퇴실시간어길시 숙박요금이 선결제로 전액청구됩니다주차장이용요금3,000원선결제입니다얼리체크인과 레이트 체크아웃시 추가요금 발생됩니다. (빠른입실과 퇴실시간이 지난경우)얼리체크인 디럭스,디럭스객실 30분이내(5,000원),30분이상~1시간이내(1만원)그이상은 디럭스,디럭스기준 시간당 1만원부과(추가요금은 호텔사정에따라 변동될수 있습니다)스위트객실 30분이내(8,000원), 30분 이상~1시간이내(15,000원)부과됩니다평일기준레이트 체크아웃 객실종류에따라 시간당으로 추가요금부과됩니다이용시간이후 연장할경우 시간연장인지 대실연장인지 결정후 미리 프론트에 알려주셔야합니다그렇지않을경우 시간연장으로 간주하여 시간당으로 부과됩니다숙박이용시간(심야시간)에 타고객에게 민폐를 끼칠경우 환불없이 강제퇴실조치하오니 양해바랍니다왈츠호텔은 금연건물입니다. 흡연 시 과태료 10만원이 부과됩니다.충전기와 와인오프너(신분증또는 보증금 맡기고)는 프론트에서 무료대여가능합니다.분실물은 습득일로부터 일주일간 보관하며 그이후 폐기처분합니다프런트 및 그 외 시설로비에서 커피베이커리 이용가능(소진시까지).로비에 A waiting seat일반실 정원초과는 불가합니다1객실당 2인기준 가격이며 처음 입실 고객2인외 입실절대불가 (처음 입실 2인 이외 다른분이 사용할수 없음 ),보고없이 추가 인원 적발시 과태료부과 및 환불 없이 강제 퇴실 조치합니다미성년자출입불가(실물신분증 요구시 미지참 및 거부하면 출입불가 취소환불불가)신분증,운전면허증,여권만 가능 그외에 온라인인증서 및 사진등 불가마지막대실 이용중 퇴실시간어길시 숙박요금이 선결제로 전액청구되오며 객실이용은 불가합니다예약후 AM6시이전 입실하여야하며 연락없이 미입실시 NO SHOW처리됩니다. 이점 양해바랍니다.", 60,000, 9.1
강남 제리스플래닛, "사장님 한마디 여기어때 회원 혜택은 어플로 결제하셨을 경우에만 적용됩니다.숙박예약은 미리 예약이 안됩니다. 당일 어플로 예약이 됩니다. 당일 예약이 안되시면 마감입니다.어플 또는 결제관련 오류에 대해서는 여기어때 고객센터로 문의해 주시기 바랍니다.방문해주시는 고객님들께 언제나 감사드립니다. 좋은 하루 되세요 . 혜택안내요금할인주차장 정보 기계식 주차장 (SUV 같은 대형 차종은 사전에 문의 부탁드립니다.) 입실 시간 이전 선주차가 불가, 이 점 양해 부탁드립니다. 0 차량은 한대씩만 주차 가능합니다. 제리룸 객실 이용시에만 최대 2대 이용가능주차장 미보유 숙소입니다. 도보로 이용해 주세요.지하철 정보2호선 역삼역2호선 강남역9호선 신논현역신분당선 강남역객실내부 시설Jerrys room (파티룸) 6명 숙박 가능 (6인 이상 금지) 바베큐 이용 불가 게임기, 반신욕장, 빔 프로젝트 이용가능 정수기 및 냉장고, 전자렌지 이용 가능. 자세한사항은 025554204로 문의바랍니다. 2023년 4월 12일부로 전객실 침구류 새걸로 교체 진행하였습니다.", 30,000, 9.4
역삼 트리아, "사장님 한마디 호텔 트리아는 서울특별시 강남구 역삼동에 위치하고 있으며, 서울 여행을 위한 최적의 장소입니다.이곳에서 생동감 넘치는 도시의 많은 것을 최대로 즐길 수 있습니다. 본 숙소는 조이 골프백화점, 라인 갤러리, 헬로우 뮤지엄 등과 같은 도시의 주요 명소들과 가까운 거리에 있어 투숙객이 편리한 여행을 즐길 수 있습니다.24시간 프런트데스크, WiFi (무료), 여행 가방짐 보관 서비스 등의 고객 편의 서비스를 갖추고 있습니다.전 객실 평면 TV, 거울, 슬리퍼, 타월, 무선 인터넷 (무료) 등을 제공드리며, 본 숙소 투숙 기간 다양한 여가 시설 등을 이용할 수 있습니다. 호텔 트리아의 좋은 위치와 서비스를 충분히 즐기며, 즐거운 서울 여행이 되시길 바랍니다. 혜택안내요금할인주차장 정보(1)1객실당 1대만 주차 가능 합니다.(2)차량 추가시 대실2만원 숙박1박당 3만원 의 추가비용이 발생합니다.(3)화물차(사이즈가 큰 차량), 튜닝카,고가 스포츠카는 주차 불가능합니다.또는 지상주차장을이용 하되, 추가 요금이 발생됩니다.예약하시기전 참고 부탁드립니다.(4)만차시에는 주차가 불가능 합니다(5)주차관련 예약취소, 환불은 불가합니다.총 12대 주차시설 보유지하철 정보2호선 역삼역9호선 언주역객실내부 시설전 객실 넷플릭스 유튜브 시청 가능전 객실 미성년자 입실불가 (미성년자는 예약, 환불 및 취소가 불가합니다)최초입실자 2인 이외에는 입실불가 적발시 퇴실조치합니다체크인시 신분증을 반드시 지참하셔야 합니다. (프런트 확인요청시 미지참의 경우 이용불가 및 환불불가)프런트 및 그 외 시설전 객실 유무선 인터넷 (무료)객실지정예약불가(랜덤배정)생수 2병 제공 (무료)일회용품은 객실에 비치 되어 있습니다.기본 : 객실은 2인 1실", 30,000, 8.9
강남 멜리샤호텔, "혜택안내요금할인주차장 정보주차는 객실당 1대 가능합니다. (이벤트타입 불가)예약하신 입실시간 이후부터 주차 하실 수 있습니다. 퇴실 시간 이후에는 주차가 불가합니다. 차량이용불가 객실에 차량을 가져오신 경우, 미리주차나 추가 주차를 하시는 경우 주차관련 추가요금이 발생합니다. (20,000원)주차가능 객실이라도 예약을 도보로 하셨거나 만차일경우 차량 입차가 불가합니다.주차장 이용 관련하여 특이사항이 있으실 경우 호텔로 문의 부탁드립니다.총 8대 주차시설 보유현재 주차장 만차 도보로 이용해주세요.지하철 정보2호선 강남역신분당선 강남역객실내부 시설전객실 넷플릭스를 무료로 이용 가능합니다.전객실 욕조, 비데, 55인치 스마트TV, VOD , PC, 공기청정기 등의 시설을 갖추고 있습니다.최고급 구스다운 침구류와 새 린넨으로 편안한 잠자리를 경험해보세요.유럽 최고의 명품 브랜드 리날디 메모리폼 메트리스가 전객실 비치되어 있습니다.객실내 와이파이 무료 이용 가능합니다. 전객실 충전기가 비치되어 있습니다. 전객실 드라이기및 고대기가 설치되어 있습니다.프런트 및 그 외 시설 인원추가불가 및 입실시간 안내 호텔 내 전 객실이 2인 기준입니다.호텔 내부규정에 따라 처음 입실한 2인을 제외한 방문객의 객실입실이 절대 불가하오니 예약시 꼭 확인해주세요 (추가인원의 임의 입실 확인시 환불없이 강제 퇴실조치)객실 기준인원 이외의 투숙 및 인원 추가 역시 불가능 하니 이용에 참고해주세요예약상품 별로 입실 시간이 정해져 있습니다.사전 연락없이 입실시간보다 미리 방문하실 경우는 추가요금등을 결제 하셔도 입실이 불가능할수 있으니 빠른 입실이 필요하신 경우는 호텔로 사전에 연락을 부탁드립니다. (미리입실료는 통상 시간당 10,000원이며, 2시간 이상일 경우 대실료가 추가됩니다)추가적인 이용관련 궁금하신 사항 있으실 경우 호텔로 문의해주세요. 자체 방역 강화 기존에 진행해 오던 정기적인 객실 소독 각종 감염병 예방을 위해 위생관리의 질을 높이고자 추가적으로 내부 자체 방역을 실시하고 있습니다. 불특정 다수의 손길이 많이 닿는 각 손잡이부분 (로비의 현관문, 각 객실 도어락 및 손잡이, 카드키, 음료냉장고, 온장고, 전자렌지 등)과 엘리베이터 각 버튼을 수시로 소독하고 있으며, 프론트 및 셀프바, 엘리베이터 내부에 손소독제를 비치하여 각종 감염병 예방에 적극참여하고 있습니다. 기 타 렌즈통, 렌즈액 무상제공 해드립니다. 밴드,연고, 소화제,두통약등 간단한 의약품을 프론트에 구비하고 있습니다.우천시 우산 판매합니다. 갑작스런 비에 당황하지 마세요.일회용으로 제공되는 세면도구는 2인용1,000원에 판매하고있습니다.1층 로비에서 전자렌지 이용가능합니다. 다양한 종류의 커피및 음료가 로비층에 준비되어 있습니다.객실 요금 및 미성년자 이용 관련객실 요금 및 이용 시간은 호텔 내부 규정 및 당일 예약현황과 현장상황에 따라 사전 공지 없이 변동 될 수 있습니다.공휴일 및 특정일 요금의 변동이 있을 수 있습니다.현장결제 요금은 여기어때 할인 예약가와 차이가 있을 수 있습니다.가족이라 할지라도 일행", 40,000, 9.5
강남 렉시, "사장님 한마디 객실당 주차 1대만 가능합니다. 도보 예약 주차 안됩니다,조기 주차시 주차비 있습니다.(단, 세단,레이,Suv,Rv차량,외제차는 꼭 전화문의 주십시요)전화 문의 없을시 부득이 하게 주차 불가할수 있습니다.모든 객실은 2인 기준 객실은 랜덤 배정입니다( 혼숙,미성년자 입실 불가 합니다)조기입실시시간추가인원추가 10.000씩 부과 됩니다.동성 인원 추가시 문의 주시기 바랍니다트윈 2인기준 최대3인까지(추가10,000부과)혼숙 안됨vip 2인기준 최대4인까지(인당 추가 10,000씩)혼숙 안됨이벤트,촛불 안됩니다. 기물파손시 법적 책임 지셔야 합니다.매장에서 직접결제시 도도포인트 적립해드립니다.예) 현금60,000원결제시 6,000포인트적립 카드 60,000원결제시 3,000포인트적립 혜택안내요금할인주차장 정보주차기에 들어가는 소형차,중형차 만 가능 합니다(단,세단, 레이,rv,suv,외제차량은 꼭 전화문의 해주십시요)도보예약 주차 안됩니다조기 주차시 주차비 있습니다(소형차만 가능)전화 문의 없을시 주차 불가 할수 있습니다차량 만차 설정 시 호텔측으로 문의 바랍니다.총 25대 주차시설 보유지하철 정보2호선 역삼역신분당선 강남역객실내부 시설전객실 에어컨 완전분해 소독및 클리닝 실시(4월말 )전 객실 배틀그라운드 가능(기가랜설치,헤드셋 필요 시 프론트 문의)전 객실 넷플릭스 가능전 객실 4K UHD LG TV 설치(스텐다드 49인치, 디럭스이상 55인치)전 객실 고급 에이스침대 설치전 객실 셋탑박스 설치트윈베드 객실보유(더블침대싱글침대)무료 WiFi설치(1대1 객실호실)디럭스 이상 욕조, 월풀욕조 설치프런트 및 그 외 시설객실은 랜덤 배정 입니다.객실당 차량 1대 주차가능.(입실시간 맞춰서 오시면 무료주차) 단 도보예약은 주차 안됩니다(세단,레이,SUV,외제차량은 꼭전화문의주세요) 전화문의없을시 주차 불가,주차는 입실과 동시에 가능하며 퇴실 시 주차는 불가매장에서 직접 대실,숙박요금결제시 도도포인트 적립해드립니다.예) 현금60,000원결제시 6,000포인트적립 카드 60,000원결제시 3,000포인트적립", 30,000, 9.2
강남 시애틀, "사장님 한마디 전객실 숙박 입실시간 23시부터 입니다.미리주차불가(미리 주차 문의 사절) 혜택안내요금할인주차장 정보숙박차량 23시이전 미리주차불가 차량예약손님에 한해서 23시부터 주차가능 객실당1대 주차가능주차장만차이후엔 도보예약시 주차불가(별도주차비 2만원)총 1대 주차시설 보유현재 주차장 만차 도보로 이용해주세요.지하철 정보2호선 강남역객실내부 시설전 객실 pc사용불가. 고급 라텍스 매트리스, 침구류로 편안한 잠자리가 제공됩니다.전 객실 WiFi 설치넷플릭스 가입업체.무료사용", 35,000, 8.9
역삼 벤, "사장님 한마디 대실 02:00까지 운영새벽대실 전화문의공지 미숙지로 인한 불이익은 당사와 제휴점에서 책임지지 않습니다전 객실 금연실입니다 주차장 정보1객실 1대 주차가능하면 화물차량및 승합차량 , 특수차량, 슈퍼카, 튜닝카등(롤스로이드.벤틀리)은 전화로 사전에 문의 바랍니다.입차후 출차는 불가능 합니다.출차시 다시 주차 안되는점 양해부탁드립니다.총 25대 주차시설 보유지하철 정보2호선 선릉역2호선 역삼역수인분당선 선릉역9호선 언주역", 30,000, 9.6
역삼 사월호텔, "사장님 한마디 뉴욕 프렌치 모던 스타일의 명불허전의 호텔! 주차장 정보주차장 보유숙소 입니다.총 40대 주차시설 보유지하철 정보2호선 선릉역2호선 역삼역수인분당선 선릉역주변 정보역삼역2호선 부근역삼 센터필드 도보 2분선릉과정릉 차량 6분삼성동 코엑스 차량 10분객실내부 시설라텍스 매트리스BOSS AUDIO SYSTEM미니바(산펠레그리노)LG 4K CINEMA (CINEMA 4월)스페셜 미니바(CINEMA 4월)전객실 NETFLIX 프리존스팀다리미 무료 대여서비스프런트 및 그 외 시설LOBBYFRANKE IKOVOX COFFEE 무료발렛 서비스", 130,000, 9.6
역삼 CF호텔, "사장님 한마디 2021년7월18일 새롭게 단장 하였습니다비흡연 고객을위해 금연객실 별도 운영중입니다.(금연실 배정은 입실당일 호텔로 전화문의 바랍니다)항상 친절하고 청결한 객실제공을 위해서 최선을 다하겠습니다.전객실 넷플릭스가능(개인계정필요) 혜택안내요금할인주차장 정보 1실 1주차 가능합니다.2대이상 주차시 호텔문의바랍니다.특수차량 이용시(기계주차 불가차량) RV,대형SUV,수퍼카,개조차 주차불가 할수있으니 체크인전 숙소로 문의바랍니다. 체크인시에만 주차가능합니다총 30대 주차시설 보유현재 주차장 만차 도보로 이용해주세요.지하철 정보2호선 선릉역2호선 역삼역객실내부 시설 55인치 LG SMART TV 설치 Free Minibar [에비앙2Btl 아이시스 2Btl 무료제공] 비흡연 고객을위해 금연객실 별도 운영중입니다 전객실 2인기준 입니다. 3인입실 불가합니다.(여분이불 없음) 미성년자의 혼숙및 3인이상 성인혼숙예약으로 인해 발생하는 입실거부에 대해서는 취소환불이 불가합니다. Early Cin 및 Late checkout시 추가 요금이 발생됩니다. 이와 관련한 내용은 프런트에 문의 바랍니다. 보관하지 아니한 금품 및 귀중품의 분실물에 대해서는 호텔에서 책임지지 않습니다.프런트 및 그 외 시설 요금할인예약후 익일 오전06시 미입실시 NO SHOW처리됩니다. NO SHOW시 환불불가", 35,000, 9.5
선릉 호텔 스타, "사장님 한마디 스탠다드B 객실만 넷플릭스 무료시청 가능 계정작업완료.쾌적한 투숙을 위해 전객실이 금연객실로 운영중입니다. 참고하시길 바랍니다. 공지사항코로나로 인해 꼭 공지 확인 후 예약 바랍니다.코로나 감염병 예방법에 의거 객실 정원 2인 초과 입실 금지 및 객실 간 이동 금지 집합 금지 적용됩니다. 주차장 정보1객실 1차량 그 외 주차 불가주차는 입실 시간부터 적용되며 입실 전, 퇴실 후 주차 불가합니다.총 13대 주차시설 보유지하철 정보2호선 선릉역주변 정보선릉역 8번출구 도보 1분 이내포스코 도보 4분코엑스 도보 10선정릉공원 도보 3분객실내부 시설스탠다드B 객실 넷플릭스 무료시청 가능 계정작업완료 전객실 요금은 2인 기준이며 인원 추가 불가 합니다.추가 침구류 제공 불가정원 2인 초과 적발시 강제퇴실 및 환불 불가합니다.전객실 냉난방기 설치로 개별 냉난방을 이용 할 수 있습니다.디럭스 타입은 노트북이 설치 되어있으며, 그 외 객실은 프런트에서 무료 렌탈이 가능합니다.얼리체크인과 레이트 체크아웃시 추가요금 발생됩니다. (빠른입실, 퇴실시간이 지난후 체크아웃)[얼리체크인 1시간당 1만원] [레이트 체크아웃 1시간당 1만원] 의 추가요금부과됩니다.신분증확인요구시 미지참자 출입불가 (취소환불불가)합니다 이점양해바랍니다.(신분증 사진은 인정 안됩니다)프런트 및 그 외 시설로비엔 무료 원두커피가 제공됩니다.제빙기가 설치되어 얼음을 자유롭게 이용 할 수 있습니다.", 30,000, 9.2
삼성 디에이스, "사장님 한마디 객실 배정은 랜덤입니다. 층별로 스타일이 상이합니다. 객실은 지정 불가 합니다. (체크인 시 랜덤 배정) 2박 이상 연박 예약시 연박비 추가 발생 체크인 다음날 부터 일수에 따라 아래와 같이 부과됩니다. 도보 : 평일 10,000, 주말 20,000 주차 : 평일, 주말 상관없이 20,000 (평일 : 월~목, 주말 : 금~일, 공휴일 및 전일) 상기의 사유로 예약 취소 및 환불 불가하오니 주의해서 예약 부탁드립니다. 트윈 추가 인원 절대 없습니다. (2인기준) : 예외없음 트윈 미취학아동 요금 추가될수 있습니다.주중 무한대실 가능(평일)오전 9~20시까지 최대 12시간 이용가능무한대실 이용고객 주차불가 합니다현장 현금 결제만 가능합니다(예약안됨, 할인적용 안됨)대실예약 Earlybird 혜택 이벤트! 오전10~정오12시(평일) 대실입실시(예약시X) 1시간 추가 또는 객실업그레이드 혜택 원하는 혜택이 있을 시 현장 문의하세요.혼숙미성년자이용 미성년자는 보호자 동반 없이 이용할 수 없습니다 미성년자 예약시 입실 거부되며 이로 인한 환불은 불가 합니다.혼숙예약으로 발생하는 입실 거부에 대해서는 취소환불이 불가합니다. 혜택안내요금할인주차장 정보1객실1주차 입니다. 추가되는 주차차량은 주차비 현장결제 필요합니다. (대실1만원 숙박2만원)주차불가 예약건에 대해 주차 차량 가져오시면 주차비 현장결제 필요합니다. (대실1만원 숙박2만원)1톤 이상 트럭 탑차와 력셔리카는 예약전 문의 부탁드립니다. 문의없이 예약시 주차 거부 할 수 있습니다. . 차키를 프론트에서 요청시 맡기셔야합니다금연총 10대 주차시설 보유지하철 정보2호선 삼성(무역센터)역2호선 선릉역수인분당선 선릉역객실내부 시설객실 배정 랜덤입니다. 0.청결과 위생을 철저히 합니다. 1.전객실 10평이상 넓은 객실 건강을 생각한 포켓스프링 매트 , 전객실 크고넓은 풀킹싸이즈(18002000) 매트리스 (트윈룸 제외)2.무한 wifi , 삼성 천정형 냉난방 시스템, 최신50인치 LEDTV( 프리미어룸 이상), 최신올인원PC3.고객님의 건강과 위생을 생각한 화장품 및 샤워용품 고급 1회용 포장재 무료제공프런트 및 그 외 시설1.무료 발렛 서비스2.최고급 세코원두커피 머신 및 비스켓, 캔디류 무한제공3.깨끗한 샤워가운 프론트 비치로 청결 유지4.고대기 대여 완비", 30,000, 9.0
삼성 라엠-LaM, "주차장 정보차량으로 오실 때는 네비게이션에 삼성동 1003 입력하시고 오시면 쉽게 찾아오실수 있습니다대중교통으로 오실때는 9호선 봉은사역 4번출구에서 500미터 직진후 서울의료원 사거리에서 좌측으로 50미터쯤 오시면 됩니다총 10대 주차시설 보유지하철 정보2호선 삼성(무역센터)역9호선 봉은사역객실내부 시설지중해 산토리니풍의 산뜻하고 아늑한 인테리어로 리모델링을 했습니다넓은 주차장과 깔끔한 객실, 친절한 서비스로 고객님들을 정성껏 모시겠습니다일회용품은 무료로 제공하고 있습니다전객실 금연객실입니다차량이용시 1객실에 차량 1대 주차가능합니다미성년자입실 절대 금지합니다.(예약하셔도 취소안됨)신분증 꼭 지참바랍니다. 모바일신분증 안되세요!!입실 시간 외에 미리 주차는 불가합니다(평일에는 전화문의바랍니다) 전 객실이 2인실입니다. 2인이상 투숙을 원하실 경우 반드시 호텔로 연락주셔서 문의해주세요 혼숙 사용은 금지하고 있고, 사전에 연락없이 입실시에는 환불이 불가하고 사용이 제한 될 수 있습니다.연박시 추가 요금 발생합니다.(전화문의바랍니다)반려동물 동반 입실 불가합니다코로나 바이러스로 전 세계가 어려운 상황에서 저희 라엠호텔을 찾아주시는 고객님들께 감사의 말씀을 드리며 전객실 청소후 철저한 소독과 위생점검을 실시하고 있으며 객실내 모든 음료와 샤워용품을 일회용품으로 비치하여 재사용 하는 일이 없도록 하고 있으며 타올, 가운, 침구류를 재사용 없이 무조건 교체해서 청결하고 위생적으로 관리하고 있습니다객실입실후 객실취소는 어떤이유라도 취소와 환불처리 불가능하십니다.객실변경은 10분이내에는 가능하십니다대실숙박 시간연장 요금은 선불입니다 참고해주시기 바랍니다.프런트 및 그 외 시설새로운 시설, 최고의 서비스로 고객 한분한분 정성껏 모시겠습니다전 객실에 65인치(일부 일반실 55인치) 삼성 UHD 스마트TV가 설치되어 있어서 침대에 누워서 편안하게 리모컨으로 넷플릭스 시청이 가능합니다", 30,000, 9.3
개포 컬리넌, "혜택안내요금할인주차장 정보차량은 1객실당 1대만 가능합니다.주차장이 협소한 관계로 지정된 주차대수 외에는 주차가 불가합니다.입실시간 이전, 퇴실시간 이후에는 주차장을 이용하실 수 없습니다.주차관련 예약취소나 환불은 불가하오니 공지사항 숙지 후 예약부탁드립니다.총 14대 주차시설 보유현재 주차장 만차 도보로 이용해주세요.지하철 정보3호선 매봉역수인분당선 구룡역신분당선 양재역신분당선 양재시민의 숲역객실내부 시설객실요금 및 시간 관련객실요금은 2인 기준입니다.얼리체크인 및 레이트체크아웃시 추가요금이 발생합니다.객실요금 및 이용시간은 호텔 내부 방침에 따라 사전 공지없이 변경될 수 있습니다.공휴일 및 특정일은 객실요금이 변동 될 수 있습니다.연박 이용시 추가요금이 발생할 수 있습니다.02) 20581558 으로 문의 바랍니다.주차장 이용안내차량은 1객실당 1대만 가능합니다.주차장이 협소한 관계로 지정된 주차대수 외에는 주차가 불가합니다.입실시간 이전, 퇴실시간 이후에는 주차장을 이용하실 수 없습니다.주차관련 예약취소나 환불은 불가하오니 공지사항 숙지 후 예약부탁드립니다. 미성년자 입실 제한전객실 미성년자 입실불가. (미성년자 예약의경우 환불 및 취소는 불가합니다)체크인시 신분증을 반드시 지참하셔야 합니다. (프런트 확인요청시 미지참의 경우 이용불가 및 환불불가)환불규정체크인 날짜 기준 당일취소 및 Noshow 전액 환불불가프런트 및 그 외 시설 건물 내 안심소독 진행중 객실, 로비, 프런트 이용안내 객실 내 생수2, 음료2 샴푸, 바디워시, 린스, 비누 일회용 남여 스킨, 로션 비치일회용품(칫솔, 치약, 면도기 등 )은 프런트에서 구매가능합니다. (1,000원)짐보관 서비스 : 체크인 전, 후 무료 짐 보관 가능 (24시간 운영)미니바 운영 : 1F 원두커피 및 허브티, 전자렌지 이용가능대여물품 : 고데기(일부 객실내 비치중), 노트북전객실 금연", 41,000, 9.2
강남 클릭, "혜택안내객실문에 부착된 여기어때 혜택마크를 찾아 QR코드로 혜택받으세요.주차장 정보총 10대 주차시설 보유지하철 정보수인분당선 선정릉역", 30,000, 9.2
강남 제리스플래닛, "사장님 한마디 여기어때 회원 혜택은 어플로 결제하셨을 경우에만 적용됩니다.숙박예약은 미리 예약이 안됩니다. 당일 어플로 예약이 됩니다. 당일 예약이 안되시면 마감입니다.어플 또는 결제관련 오류에 대해서는 여기어때 고객센터로 문의해 주시기 바랍니다.방문해주시는 고객님들께 언제나 감사드립니다. 좋은 하루 되세요 . 혜택안내요금할인주차장 정보 기계식 주차장 (SUV 같은 대형 차종은 사전에 문의 부탁드립니다.) 입실 시간 이전 선주차가 불가, 이 점 양해 부탁드립니다. 0 차량은 한대씩만 주차 가능합니다. 제리룸 객실 이용시에만 최대 2대 이용가능주차장 미보유 숙소입니다. 도보로 이용해 주세요.지하철 정보2호선 역삼역2호선 강남역9호선 신논현역신분당선 강남역객실내부 시설Jerrys room (파티룸) 6명 숙박 가능 (6인 이상 금지) 바베큐 이용 불가 게임기, 반신욕장, 빔 프로젝트 이용가능 정수기 및 냉장고, 전자렌지 이용 가능. 자세한사항은 025554204로 문의바랍니다. 2023년 4월 12일부로 전객실 침구류 새걸로 교체 진행하였습니다.", 30,000, 9.4
강남 648호텔, "혜택안내요금할인주차장 정보Free Parking (객실당 1대 무료주차) 지상주차 (20대이상 가능)추가 차량 주차요금 추가되십니다.(1객실당 1대 무료)추가주차시 주차요금발생(문의는 호텔로 부탁드립니다)총 1대 주차시설 보유현재 주차장 만차 도보로 이용해주세요.지하철 정보2호선 역삼역2호선 강남역주변 정보강남역 역삼역 도보 5분 거리객실내부 시설팬트하우스648 이벤트룸 이용안내(자정12시부터는 짖원부재중입니다 키오스크 체크인 부탁드립니다)코로나로인하여 펜트하우스A,펜트하우스B,펜트하우스648 객실은 인원이 변동될수 있습니다이용금액 : 15만원(기본시간 3시간 시간연장은 1시간당 50,000원 선불결제후 연장가능후불결제 불가)입실인원 : 기준인원3명(4명까지 가능)기본규정코로나로인하여 펜트하우스A,펜트하우스B,펜트하우스648 객실은 인원이 변동될수 있습니다주말기준은 금,토요일 공휴일,특정일의 전날로 사정상 변경될 수 있습니다호텔의 사정에 따라 세부조건은 변경될 수 있습니다팬트하우스648 4인기준 초과시 호텔에 문의팬트하우스A 펜트하우스B 4인기준혼숙불가,혼숙으로 입실거부될시 취소불가합니다.펜트하우스객실 4인기준 초과로 입실거부될시 취소불가합니다.애완견 동반 입실 불가. 동반입실시 퇴실조치 될수 있습니다. (퇴실조치시 환불불가)자세한 사항은 호텔로 문의 부탁드립니다시간이 경과되면 시간추가요금이 발생합니다(1시간당:15,000원 현금결제)호텔 객실 내부사진은 어플에서 보여지는 것과 조금 다를수 있습니다이해부탁드립니다펜트하우스648펜트하우스B펜트하우스A코로나로인하여 펜트하우스A,펜트하우스B,펜트하우스648 객실은 인원이 변동될수 있습니다(평일) 일~목, (주말) 금~토 기준펜트하우스6481~4인 기본3시간 15만원(평일) 18만원(주말)펜트하우스A펜트하우스B1~4인 기본 3시간 7만원(평일) 11만원(주말)자세한 문의는 호텔로 전화 부탁드립니다코로나로인하여 인원은 단계별로 변동될수 있습니다호텔 객실 내부사진은 어플에서 보여지는 것과 조금 다를수 있습니다이해부탁드립니다코로나로인하여 펜트하우스A,펜트하우스B,펜트하우스648 객실은 인원이 변동될수 있습니다프런트 및 그 외 시설코로나로인하여 펜트하우스A,펜트하우스B,펜트하우스648 객실은 인원이 변동될수 있습니다(저희 호텔은 자정12시부터는 부재중으로 키오스크체크인을 진행합니다,문자메세지로받은 예약번호 4자리입력후 체크인진행하시면 됩니다 감사합니다) 문의 사항이나 이용사항은 프론트에 문의 바랍니다프론트는 24시간 이용가능합니다3인이상 혼숙불가하며 3인이상 혼숙으로 입실 거부될 시 취소 불가합니다.코로나로인하여 펜트하우스A,펜트하우스B,펜트하우스648 객실은 인원이 변동될수 있습니다", 40,000, 8.2
역삼 H Avenue-역삼점, "사장님 한마디 방문방법 도보로 선택 후 차량 방문 시 주차 절대 불가합니다.호텔메인 맨 아래 숙소정보 필독 후 예약해주세요 미확인으로 인한 환불취소 불가넷플릭스 본인계정 로그인 후 이용가능전 객실 금연입니다.예약시 보이는 숙소이용정보는 호텔규정과는 별도입니다.(여기어때 공통공지사항) 주차장 정보공지 미확인으로 인한 환불은 불가하며 꼭 공지 확인부탁드립니다.자세한 사항은 호텔측에 문의 부탁드립니다.주차는 1객실 당 1대만 가능합니다. (추가 주차 불가)예약자분들 차량 숫자에 맞춰 주차자리 확보해두니, 객실 예약할 때 방문방법 도보 로 선택 후 차량 방문 시 주차 절대 불가합니다. (주차 가능객실로 예약하여도 도보로 선택 시 주차불가)체크인시간부터 체크아웃 시간 까지만 주차 가능합니다.주차장이 협소하여 미리 주차는 어려운 점 참고 부탁드립니다.총 15대 주차시설 보유지하철 정보2호선 역삼역9호선 언주역객실내부 시설공지사항 (예약 전 꼭 확인해주세요)방문방법 차량으로 예약한 분들만 차량 1대 주차가능합니다. 도보선택 후 차량방문 시 주차 불가디럭스AB 객실은 욕조 유무 객실 체크인 시 랜덤배정됩니다. (지정 불가)도보전용디럭스디럭스AB 최대인원 2인(인원추가 및 침구추가 불가)디럭스 트윈AB 최대3인(추가 침구류 제공불가)프리미엄 트윈 기준3인최대3인(4인 입실원할 경우 호텔측에 문의 바랍니다.(인원추가요금 20,000원 발생, 사전요청 시 침구류1SET제공)3인이상 혼숙미성년자 입실 절대 불가(이로인한 취소 및 환불 불가합니다.)입실하는 인원 기준으로 최대인원 이상 입실 불가합니다.(방문객도 입실불가)4. 가족 입실 경우 가족관계증명서 필수 지참해야 합니다.체크인 전 프런트에서 짐 보관가능하나, 분실에 대해 책임지지않으니 귀중품은 따로 보관바랍니다.따로 맡기지 않은 분실물건에 대해 책임지지 않습니다.발견된 분실물은 2주동안 보관해드립니다. 이후 자동폐기됩니다연박 시 대실요금 추가됩니다. 호텔에 문의해주세요.미입실로 인한 환불 불가하니 예약 시 날짜 확인 부탁드립니다.반려동물 동반 입실 불가 주차 안내(예약 전 꼭 확인해주세요!)주차는 방문방법 차량으로 선택한 예약에 한해 1객실 당 1대만 가능합니다. (추가 주차 불가)방문방법 차량으로 예약한 분들만 차량 1대 주차가능합니다. 도보선택 후 차량방문 시 주차 불가체크인시간부터 체크아웃 시간 까지만 주차 가능합니다.추가요금 공지사항얼리체크인레이트체크아웃 시 시간당 추가요금 자동 발생됩니다.30분 초과 시부터 시간 당 추가 요금으로 발생됩니다.(EX. 디럭스 1시간30분 초과 : 추가요금 2만원 발생)디럭스디럭스트윈 시간당 10,000원 추가요금 발생프리미엄트윈 시간당 15,000원 추가요금 발생스위트로얄스위트 시간당 20,000원 추가요금 발생연박 시 대실요금 추가발생합니다.부띠크 호텔 특성 상 사진과 다른 객실이 배정될 수 있습니다.모든 공지사항프런트 및 그 외 시설 스위트,로얄스위트 객실안내(예약전 필독!)공지 미확인으로 인한 환불불가스위트 기준2인최대4인(취사가능, 루프탑수영장, 야외 미니 글램핑장)2인초과 시 인원당 20,000원씩 추가요금 발생(3인이상 입실 시 추가이불 1SET 제공가능, 사전 요청해야 제공됩니다)로얄스위트 기준4인최대6인(복층, 취사가능, 단독 루프탑수영장, 야외 글램핑장)4인초과 시 인원당20,000원씩 추가요금 발생(5인이상 입실 시 추가이불 1SET 제공가능, 요청해야 제공됩니다)최대인원 초과 시 객실 1개 더 예약하셔야 됩니다.수영장 이용안내수영장 이용 시 추가요금 100,000원 발생합니다.안전상 문제로 오후 20시 이후에는 물 받는게 불가합니다.동절기 및 기후상황이 좋지 않을 시 수영장 이용이 불가합니다.(비, 눈, 태풍, 등)수영장은 위생,오염방지로 인해 수영장 물을 미리 채우지 않기 때문에 당일 입실 2시간전에 미리 연락부탁드립니다. 연락 없을 시 미사용으로 간주합니다.수영장 물 온도(동절기 미온수그외 : 항상 냉수) 취사 정보(예약 전 꼭 확인해주세요)스위트, 로얄스위트 객실 내부에 연기감지기 설치되어 있어 취사불가합니다.야외 글램핑장에서 취사 가능합니다.스위트 : 취사에 필요한 조리도구 및 식재료 직접 구비, 가스그릴 사용가능(입실 하루 전 요청해야 제공됩니다. 미요청 시 제공불가)로얄스위트 : 취사에 필요한 조리도구 및 식재료 직접 구비, 가스그릴 사용가능(글램핑장에 설치되어 있음)가스그릴 이용 시 주의사항가스통은 직원 외에 절대 만지지 말고, 사용 시 프런트에 문의주세요.화재위험 및 안전사고에 유의해주세요.전기제품 및 가스제품 사용 시 안전수칙 지켜주세요.(화상,폭발사고,감전사고,가스누수 등)늦은 저녁 시간 다른 고객분들을 위해 음주가무 및 고성방가 금지물놀이 시 안전사고에 주의해주세요.호텔 모든 시설 이용 시 발생하는 안전사고는 호텔에서 책임지지않습니다.", 30,000, 9.4
역삼 트리아, "사장님 한마디 호텔 트리아는 서울특별시 강남구 역삼동에 위치하고 있으며, 서울 여행을 위한 최적의 장소입니다.이곳에서 생동감 넘치는 도시의 많은 것을 최대로 즐길 수 있습니다. 본 숙소는 조이 골프백화점, 라인 갤러리, 헬로우 뮤지엄 등과 같은 도시의 주요 명소들과 가까운 거리에 있어 투숙객이 편리한 여행을 즐길 수 있습니다.24시간 프런트데스크, WiFi (무료), 여행 가방짐 보관 서비스 등의 고객 편의 서비스를 갖추고 있습니다.전 객실 평면 TV, 거울, 슬리퍼, 타월, 무선 인터넷 (무료) 등을 제공드리며, 본 숙소 투숙 기간 다양한 여가 시설 등을 이용할 수 있습니다. 호텔 트리아의 좋은 위치와 서비스를 충분히 즐기며, 즐거운 서울 여행이 되시길 바랍니다. 혜택안내요금할인주차장 정보(1)1객실당 1대만 주차 가능 합니다.(2)차량 추가시 대실2만원 숙박1박당 3만원 의 추가비용이 발생합니다.(3)화물차(사이즈가 큰 차량), 튜닝카,고가 스포츠카는 주차 불가능합니다.또는 지상주차장을이용 하되, 추가 요금이 발생됩니다.예약하시기전 참고 부탁드립니다.(4)만차시에는 주차가 불가능 합니다(5)주차관련 예약취소, 환불은 불가합니다.총 12대 주차시설 보유지하철 정보2호선 역삼역9호선 언주역객실내부 시설전 객실 넷플릭스 유튜브 시청 가능전 객실 미성년자 입실불가 (미성년자는 예약, 환불 및 취소가 불가합니다)최초입실자 2인 이외에는 입실불가 적발시 퇴실조치합니다체크인시 신분증을 반드시 지참하셔야 합니다. (프런트 확인요청시 미지참의 경우 이용불가 및 환불불가)프런트 및 그 외 시설전 객실 유무선 인터넷 (무료)객실지정예약불가(랜덤배정)생수 2병 제공 (무료)일회용품은 객실에 비치 되어 있습니다.기본 : 객실은 2인 1실", 30,000, 8.9
강남 멜리샤호텔, "혜택안내요금할인주차장 정보주차는 객실당 1대 가능합니다. (이벤트타입 불가)예약하신 입실시간 이후부터 주차 하실 수 있습니다. 퇴실 시간 이후에는 주차가 불가합니다. 차량이용불가 객실에 차량을 가져오신 경우, 미리주차나 추가 주차를 하시는 경우 주차관련 추가요금이 발생합니다. (20,000원)주차가능 객실이라도 예약을 도보로 하셨거나 만차일경우 차량 입차가 불가합니다.주차장 이용 관련하여 특이사항이 있으실 경우 호텔로 문의 부탁드립니다.총 8대 주차시설 보유현재 주차장 만차 도보로 이용해주세요.지하철 정보2호선 강남역신분당선 강남역객실내부 시설전객실 넷플릭스를 무료로 이용 가능합니다.전객실 욕조, 비데, 55인치 스마트TV, VOD , PC, 공기청정기 등의 시설을 갖추고 있습니다.최고급 구스다운 침구류와 새 린넨으로 편안한 잠자리를 경험해보세요.유럽 최고의 명품 브랜드 리날디 메모리폼 메트리스가 전객실 비치되어 있습니다.객실내 와이파이 무료 이용 가능합니다. 전객실 충전기가 비치되어 있습니다. 전객실 드라이기및 고대기가 설치되어 있습니다.프런트 및 그 외 시설 인원추가불가 및 입실시간 안내 호텔 내 전 객실이 2인 기준입니다.호텔 내부규정에 따라 처음 입실한 2인을 제외한 방문객의 객실입실이 절대 불가하오니 예약시 꼭 확인해주세요 (추가인원의 임의 입실 확인시 환불없이 강제 퇴실조치)객실 기준인원 이외의 투숙 및 인원 추가 역시 불가능 하니 이용에 참고해주세요예약상품 별로 입실 시간이 정해져 있습니다.사전 연락없이 입실시간보다 미리 방문하실 경우는 추가요금등을 결제 하셔도 입실이 불가능할수 있으니 빠른 입실이 필요하신 경우는 호텔로 사전에 연락을 부탁드립니다. (미리입실료는 통상 시간당 10,000원이며, 2시간 이상일 경우 대실료가 추가됩니다)추가적인 이용관련 궁금하신 사항 있으실 경우 호텔로 문의해주세요. 자체 방역 강화 기존에 진행해 오던 정기적인 객실 소독 각종 감염병 예방을 위해 위생관리의 질을 높이고자 추가적으로 내부 자체 방역을 실시하고 있습니다. 불특정 다수의 손길이 많이 닿는 각 손잡이부분 (로비의 현관문, 각 객실 도어락 및 손잡이, 카드키, 음료냉장고, 온장고, 전자렌지 등)과 엘리베이터 각 버튼을 수시로 소독하고 있으며, 프론트 및 셀프바, 엘리베이터 내부에 손소독제를 비치하여 각종 감염병 예방에 적극참여하고 있습니다. 기 타 렌즈통, 렌즈액 무상제공 해드립니다. 밴드,연고, 소화제,두통약등 간단한 의약품을 프론트에 구비하고 있습니다.우천시 우산 판매합니다. 갑작스런 비에 당황하지 마세요.일회용으로 제공되는 세면도구는 2인용1,000원에 판매하고있습니다.1층 로비에서 전자렌지 이용가능합니다. 다양한 종류의 커피및 음료가 로비층에 준비되어 있습니다.객실 요금 및 미성년자 이용 관련객실 요금 및 이용 시간은 호텔 내부 규정 및 당일 예약현황과 현장상황에 따라 사전 공지 없이 변동 될 수 있습니다.공휴일 및 특정일 요금의 변동이 있을 수 있습니다.현장결제 요금은 여기어때 할인 예약가와 차이가 있을 수 있습니다.가족이라 할지라도 일행", 40,000, 9.5
강남 녹스 호텔, "사장님 한마디 1.전객실최신온라인게임가능(노하드pc)2.휘트니스센터,세탁실24시간운용3.강남최고의스위트룸,로얄스위트룸,펜트하우스보유 혜택안내요금할인주차장 정보주차장이 협소한 관계로 주차로 우선주차 이며주차장이 없을 경우 외부 유료주차장을 이용해주세요총 16대 주차시설 보유현재 주차장 만차 도보로 이용해주세요.지하철 정보2호선 역삼역9호선 언주역객실내부 시설스탠다드 ,디럭스 기준인원 2명 (추가인원 불가)프리미엄 기준인원 2명 최대인원2명 (추가인원 1인당 10,000원)스위트룸 (단층 1202호) 기준인원 2명 최대인원2명로얄 스위트룸 (복층 1201호) 기준인원 2명 최대인원2명로얄 스위트룸 (수영장 301호) 기준인원 2명 최대인원2명로얄 스위트룸 (수영장 301호) 이용시 수영장 물 온도는 25도 28도 사이 입니다 물 온도는 임의로 변경이 불가하니 착오 없으시기 바랍니다스위트룸 (단층), 로얄스위트룸 (수영장), 로얄 스위트룸 (복층) 이용시 음악 및 스피커 사용은 PM11시 까지만 가능합니다.스위트룸 노래방 이용 가능합니다.1객실 당 주차 1대만 가능 합니다 (전 객실 모두 동일)여기어때 회원혜택은 제휴점 내규에 의거합니다 미성년자 예약으로 인한 입실거부는 취소환불이 불가합니다프런트 및 그 외 시설2층 로비에 각종 음료와 커피,그리고 차 한잔의 여유지하3층 세탁시설", 30,000, 9.3
역삼 브라운도트, "사장님 한마디 객실은 랜덤배정으로 상품 이미지와 다를 수 있습니다.주차는 1객실당 1대만 가능하며, 특수차량(튜닝카,스포츠카,승합차,대형차량일부전기차)등 주차타워 이용이 불가능한 차량은 주차이용이 불가능 합니다.전체 판매상품은 기본 2인 기준이며, 일부객실에 한하여 추가 인원 이용이 가능하며, 추가 요금이 발생합니다.해당 매장 이용시 매장 및 객실 내 손상이 발생할 경우 법적 책임을 물을 수 있습니다.이용안내에 명시된 내용으로 인한 취소 및 환불은 불가능합니다.퇴실시간 시간당 추가 요금이 발생합니다. 일부 상항에따라 시간추가가 안될수있으니 프론트 문의 바랍니다. 넷플릭스 웨이브 티빙 디즈니 플러스 무료이용 가능하십니다. (디즈니 플러스는 스위트객실만 이용가능)주차장 정보주차시 당호텔은 기본적으로 기계식리프트주차입니다리프트진입이 안되면 추가요금 만원이 발생할 수 있습니다.(프리미엄,스위트제외)슈페리얼객실이용시 해당리프트 진입이 안되는차량(튜닝카, 스포츠카, 승합차, 대형차량)공차중량이나 길이가 주차타워 기준에 맞지않아 이용이 불가능한 차량(전기차일부,대형세단,대형suv)리프트 이용을 원치 않는차량꼭 당호텔에 미리문의바랍니다.객실이용시 미리 주차안됩니다.총 20대 주차시설 보유지하철 정보2호선 역삼역9호선 언주역프런트 및 그 외 시설편의 시설루프탑 운영중 루프탑 패키지 구매시 단독 이용가능(바베큐 그릴운영중, 부수적인 음료 및 음식, 식기류는 개인적으로 준비하셔야합니다.)전객실 netflix,wavve,tning, wifi 무료이용 가능전객실 무선 충전기 설치일부객실 스타일러 이용가능전객실 향균 ACE침대전체 건물, 전객실 금연구역 운영중비대면이 생활화된 시기에 맞는 키오스크 운영중주차는 1객실당 1대만 가능하며, 특수차량(튜닝카, 스포츠카, 승합차, 대형차량)등 주차타워 이용이 불가능한 차량은 주차이용이 불가능전체 건물 및 전객실 프리미엄 방역업체 세스코의 방역관리와 쾌적한 이용 환경을 제공", 70,000, 9.7
역삼 스타 프리미어, "사장님 한마디 전 객실 넷플릭스 무료시청 가능, 전 객실 pc이용 가능배틀그라운드, 오버워치 등 유료게임 이용 시 본인이 구매한 계정을 소유하고 있어야합니다.전 객실 최대 인원 2인이며, 3인 이상 혼숙 불가합니다(코로나 단계에 따라 스위트B, 트윈룸은 동성 3인까지 가능)미성년자는 절대입실 불가합니다 (2023년 기준, 생일이 지난 2004년생 부터 입실가능 이를 어기고 예약 시 환불 불가) 주차장 정보 정문 1층 주차장 발렛 파킹 주차서비스 가능객실 당 주차 1대 가능입실시간 외에 미리 주차는 안됩니다.총 23대 주차시설 보유지하철 정보2호선 역삼역9호선 언주역주변 정보객실은 부티크 호텔 특성 상 이미지와 다른 객실이 배정될 수 있습니다.객실 지정은 불가 합니다 (체크인 시 랜덤 배정)입실 시간 외에 미리 주차는 불가 합니다.객실 당 차량 1대 주차 가능합니다.(단, 도보 전용특가 객실은 주차 불가)숙박 12시간 기준입니다. (단 AM 03:00 이후 체크인 시 10시간 제공)체크 아웃 시간 이후 퇴실 시 자동으로 추가 요금 부과됩니다.전 객실 최대 인원 2인.( 단, 스위트B트윈룸은 3인까지 가능하나 인원 추가 요금 발생)오버워치, 배틀그라운드 등 유료 게임 이용 시 본인이 구매한 계정을 소유하고 있어야 합니다.객실 키 분실 시 분실료가 부과 되니 외출 시 프런트에 보관 바랍니다.미성년자는 절대입실 불가합니다 (2023년 기준, 생일이 지난 2004년생 부터 입실가능 이를 어기고 예약 시 환불 불가)연박 시 추가 요금 발생합니다.(호텔 측에 문의)반려 동물 동반 입실 불가 합니다.자세한 사항은 호텔로 문의 주세요객실내부 시설객실은 부티크 호텔 특성 상 이미지와 다른 객실이 배정될 수 있습니다. (객실 지정 불가)정원 2명 유지하면서 객실 릴레이 사용 금지미성년자는 입실 불가합니다 (2023년 기준, 생일이 지난 2004년생 부터 입실가능)스위트B와 트윈룸만 인원 추가 시 동성 최대 3인 이용 가능합니다연령을 떠나 가족 이외에는 3인실 혼숙 불가(가족일 경우 가족관계 증명서 제출)신분증 요청 시 실물 신분증을 제시해주셔야 합니다 (사진으로는 입실 불가)프런트에 맡기지 않은 귀중품은 책임지지 않습니다 체크아웃 시간 30분 초과 퇴실 시 추가 요금 부과됩니다.1층에서 와인잔, 오프너 대여해드립니다.숙박의 경우 AM 03:00 이후 체크인 시 10시간 제공 됩니다.전 객실 최대 인원 2인 (스위트B, 트윈룸은 동성 3인까지 가능) 게임룸 경우 유료 게임 이용 시 본인 계정 필요. 게임룸 노하드PC로 설치된 게임 이외의 게임 이용시 미리 문의 바랍니다.분실물은 습득일로부터 2주간 보관하며 이후엔 폐기처분합니다.객실 키 분실 시 분실료 부과되오니 외출 시 프런트에 보관바랍니다.반려동물 입실 절대 불가미성년자는 절대입실 불가합니다 (2023년 기준, 생일이 지난 2004년생 부터 입실가능 이를 어기고 예약 시 환불 불가)자세한 사항은 호텔로 문의 주세요프런트 및 그 외 시설 전 객실 넷플릭스 무료 시청가능 (호텔 계정 제공 단, 이용 인원이 많을 시 추가 제공은 어렵습니다) 전 객실 PC이용 가능(도보전용, 스탠다드, 디럭스, 트윈, 스위트 객실 노하드PC) 게임룸 객실 오픈! 최고사양 2PC (7.1ch 진동 게이밍 헤드셋 대여 가능) 전 객실 최고급 침구류, 비데, 공기 청정기 비치 스위트 객실 스타일러, 안마의자, 전자렌지 비치 TV와PC 연결 가능, WiFi free ,전 객실 고데기, 스킨로션 비치 전 객실 고속 무선 충전기 비치 완료(호환이 안되거나 추가로 충전기가 필요하시면 프런트에서 무상 대여 해드립니다)", 25,000, 9.2
강남 렉시, "사장님 한마디 객실당 주차 1대만 가능합니다. 도보 예약 주차 안됩니다,조기 주차시 주차비 있습니다.(단, 세단,레이,Suv,Rv차량,외제차는 꼭 전화문의 주십시요)전화 문의 없을시 부득이 하게 주차 불가할수 있습니다.모든 객실은 2인 기준 객실은 랜덤 배정입니다( 혼숙,미성년자 입실 불가 합니다)조기입실시시간추가인원추가 10.000씩 부과 됩니다.동성 인원 추가시 문의 주시기 바랍니다트윈 2인기준 최대3인까지(추가10,000부과)혼숙 안됨vip 2인기준 최대4인까지(인당 추가 10,000씩)혼숙 안됨이벤트,촛불 안됩니다. 기물파손시 법적 책임 지셔야 합니다.매장에서 직접결제시 도도포인트 적립해드립니다.예) 현금60,000원결제시 6,000포인트적립 카드 60,000원결제시 3,000포인트적립 혜택안내요금할인주차장 정보주차기에 들어가는 소형차,중형차 만 가능 합니다(단,세단, 레이,rv,suv,외제차량은 꼭 전화문의 해주십시요)도보예약 주차 안됩니다조기 주차시 주차비 있습니다(소형차만 가능)전화 문의 없을시 주차 불가 할수 있습니다차량 만차 설정 시 호텔측으로 문의 바랍니다.총 25대 주차시설 보유지하철 정보2호선 역삼역신분당선 강남역객실내부 시설전객실 에어컨 완전분해 소독및 클리닝 실시(4월말 )전 객실 배틀그라운드 가능(기가랜설치,헤드셋 필요 시 프론트 문의)전 객실 넷플릭스 가능전 객실 4K UHD LG TV 설치(스텐다드 49인치, 디럭스이상 55인치)전 객실 고급 에이스침대 설치전 객실 셋탑박스 설치트윈베드 객실보유(더블침대싱글침대)무료 WiFi설치(1대1 객실호실)디럭스 이상 욕조, 월풀욕조 설치프런트 및 그 외 시설객실은 랜덤 배정 입니다.객실당 차량 1대 주차가능.(입실시간 맞춰서 오시면 무료주차) 단 도보예약은 주차 안됩니다(세단,레이,SUV,외제차량은 꼭전화문의주세요) 전화문의없을시 주차 불가,주차는 입실과 동시에 가능하며 퇴실 시 주차는 불가매장에서 직접 대실,숙박요금결제시 도도포인트 적립해드립니다.예) 현금60,000원결제시 6,000포인트적립 카드 60,000원결제시 3,000포인트적립", 30,000, 9.2
역삼 아드리게, "주차장 정보주차 불가차량 : SUV차량, RV차량, 튜닝차량, 구형 에쿠스주차시설을 보유한 숙소입니다.(차량 이용 시 숙소에 문의해 주세요.)지하철 정보2호선 역삼역9호선 언주역", 40,000, 9.1
역삼 린, "사장님 한마디 전객실 노하드 넷플릭스 공기청정기라텍스메트리스완비고사양 배그풀옵션pc완비최고급파티룸완비예약전 반드시 확인해주세요!모든 객실 타입별 랜덤 배정입니다예약을 해주셨어도 객실상황에 따라 대기하실 수 있습니다예약시간 이외 입실 또는 퇴실시 시간당 1만원의 추가요금이 자동으로 발생됩니다.일회용품은 체크인시 프론트에서 별도로 1,000원(2인세트)에 구매바랍니다.오후 8시이후 파티룸 스위트룸 노래방기계 사용이 제한됩니다 혜택안내요금할인객실문에 부착된 여기어때 혜택마크를 찾아 QR코드로 혜택받으세요.주차장 정보 주자창 정보주차장 보유 여부 : 보유 (15대) 추가 안내사항 총15대 주차시설보유 1객실당 차량1대 무료, 추가시 20,000원이 발생됩니다.예약하시는 고객님들은 입실시간에 맞춰서 주차가능합니다.미리주차 또는 늦은퇴실시 주차요금 20,000원이 발생됩니다.총 15대 주차시설 보유지하철 정보2호선 역삼역9호선 언주역객실내부 시설전객실 노하드 넷플릭스 공기청정기 라텍스침대모든 객실 타입별 랜덤 배정입니다예약을 해주셨어도 객실상황에 따라 대기하실 수 있습니다예약시간 이외 입실 또는 퇴실시 시간당 1만원의 추가요금이 자동으로 발생됩니다.일회용품은 체크인시 프론트에서 별도로 1,000원(2인세트)에 구매바랍니다.차량1대 무료, 차량1대 추가시 20,000원 발생됩니다.연박 가능합니다.라텍스 퀸사이즈 침대에서 편하게 쉴수 있는 공간을 호텔 린에서 만들어 드리겠습니다.최신 영화 드라마 다시보기 서비스 진행중 입니다.단체모임 , 친목모임, 연인분들 이벤트 , 파티 등 하실수 있는 파티룸입니다.주변기기(블루투스 스피커 및 빔 프로젝터,미러볼 등)는 분실로 인하여 비치하지 않고 있습니다.개별준비 바랍니다.4인 기준 최대8인(5인입실부터 인당 20,000원 추가비 발생)추가인원 발생시 추가이불 2개까지만 제공됩니다.1대 무료주차, 1대 추가시 20,000원 주차요금 있습니다.넓은 바테이블 , 라텍스 퀸사이즈 트원 침대노래방이용은 20시 이후 다른 손님들을 위해 이용 불가합니다.예약시 0234540666 꼭 문의해주세요. 많은 예약 부탁드립니다.20시 이후 노래방이용 불가하며 사용시 강제퇴실 조치를 취할수밖에 없으니 주의 부탁드립니다.4. 전객실 pc 1대이며 고사양게임을원하시는분들은 배그pc로 예약해주시고입실시 프론트에 문의바랍니다.", 30,000, 9.2
역삼 A-NA HOTEL, "사장님 한마디 연박 연박 시 추가요금 발생 공휴일 마찬가지로 추가요금 부과 주차 반드시 차량 있으면 차량가능 전용상품 예약필수 특수차량(스포츠카, 대형SUV, 승합, 트럭, 튜닝카 등) 사전문의 필수 1 객실 1 대 주차 O 1 객실 2 대 주차 X 입실시 1. 차량 STOP 2. 차키 PASS 3. 발렛 SERVICE 퇴실시 1. 퇴실 10분전 객실 내 차량대기 버튼 PRESS 2. 차량 준비 후 객실로 CALL 3. 마지막까지 최고의 발렛 SERVICE 주차장 정보총 9대 주차시설 보유현재 주차장 만차 도보로 이용해주세요.지하철 정보2호선 역삼역수인분당선 선릉역객실내부 시설친환경 최고급 ACE침대Modern 수입가구SK 브로드밴드 Giga Internet Btv Giga WifeBtv 다시보기 VOD SERVICESAMSUNG 55 inch TV65 or 75 inch SMART TV3in1 멀티 고속 충전", 40,000, 9.1
강남 카파쓰, "사장님 한마디 전 세계 해외 방문객과 함께하는 최고의 호텔역삼동 카파쓰 호텔입니다.전 객실 ACE 침대, CESCO 인증관리 중이며,모든 객실은 금연입니다.카파쓰 호텔에서는 코로나 바이러스 전염 예방 및 전파 방지를 위해 조식 서비스 제공을 잠정적으로 중단하게 되었습니다. 이점 양해 부탁드립니다. 혜택안내요금할인주차장 정보만차 전 선착순 객실당 주차 1대 가능 하며 코로나 감염방지로 셀프발렛입니다. 그외 고가의 수입차량,스포츠카,특수대형차량은 방문전 필히 사전문의 바랍니다벤틀리,롤스로이스,페라리,람보르기니,마이바흐,포르쉐 등등 1억 이상 고가수입차는 전용주차 공간 이용료 50,000원 추가 발생되며 만차시 주차불가이기에 필히 사전 문의 없이 발생된 분쟁에 대하여 당호텔은 일절 책임지지 않으니 협조와 주의 부탁드립니다.카니발급 이상 대형SUV,승합,트럭 고가 스포츠카,특수차량은 주차불가 하며,주차시 1박당 30,000원 추가요금이 발생됩니다.차량 추가비용 1대 : 30,000원 (체크인 전, 체크아웃 이후 시간당 : 10,000원 추가요금,1억이상 수입차는 체크아웃 이후 주차시 시간별 주차요금과 전용 주차공간 이용료 50,000원이 각각 재청구가 되오니 필히 주지 바랍니다.)도보 전용 상품으로 예약시 주차비 30,000원이 추가 발생됩니다.총 26대 주차시설 보유지하철 정보2호선 선릉역2호선 역삼역수인분당선 선릉역주변 정보2호선 역삼역 1번출구 테헤란로 방향 5분거리객실내부 시설전 객실 금연이며, 흡연시 10만원 과태료 부과 됩니다.객실 내 물품 반입시 당 호텔 프론트로 문의를 해주셔야 하며, 당 호텔의 동의없이 물품반입은 불가합니다.어떠한 경우라도 호텔 및 객실 내 손상으로 재산상의 손해가 발생될 경우 법적인 책임을 물을 수 있습니다.추가 안내사항안내된 객실요금 오류 발생시 해당일 요금 기준하여 차액이 청구됩니다. (현장결재)객실은 지정 불가 합니다. (체크인 시 랜덤 배정)인원 추가시 1인당 2만원이 발생합니다.(미취학 아동은 무료)전 객실 금연이며 , 흡연시 10만원 과태료 부과 됩니다.전 객실 반려동물 입실 불가이며 , 발견시 10만원 과태료 부과 됩니다.미성년자는 보호자 동반 없이 이용 할 수 없습니다미성년자 예약시 입실 거부되며 이로 인한 환불은 불가 합니다.3인이상 혼숙은 불가합니다.(사전문의 없이 예약시 환불 및 취소가 불가합니다.)객실 내 물품 반입시 당 호텔 프론트로 문의를 해주셔야 하며, 당 호텔의 동의없이 물품반입은 불가합니다.어떠한 경우라도 호텔 및 객실 내 손상으로 재산상의 손해가 발생될 경우 법적인 책임을 물을 수 있습니다.", 58,000, 9.2
역삼 벤, "사장님 한마디 대실 02:00까지 운영새벽대실 전화문의공지 미숙지로 인한 불이익은 당사와 제휴점에서 책임지지 않습니다전 객실 금연실입니다 주차장 정보1객실 1대 주차가능하면 화물차량및 승합차량 , 특수차량, 슈퍼카, 튜닝카등(롤스로이드.벤틀리)은 전화로 사전에 문의 바랍니다.입차후 출차는 불가능 합니다.출차시 다시 주차 안되는점 양해부탁드립니다.총 25대 주차시설 보유지하철 정보2호선 선릉역2호선 역삼역수인분당선 선릉역9호선 언주역", 30,000, 9.6
역삼 사월호텔, "사장님 한마디 뉴욕 프렌치 모던 스타일의 명불허전의 호텔! 주차장 정보주차장 보유숙소 입니다.총 40대 주차시설 보유지하철 정보2호선 선릉역2호선 역삼역수인분당선 선릉역주변 정보역삼역2호선 부근역삼 센터필드 도보 2분선릉과정릉 차량 6분삼성동 코엑스 차량 10분객실내부 시설라텍스 매트리스BOSS AUDIO SYSTEM미니바(산펠레그리노)LG 4K CINEMA (CINEMA 4월)스페셜 미니바(CINEMA 4월)전객실 NETFLIX 프리존스팀다리미 무료 대여서비스프런트 및 그 외 시설LOBBYFRANKE IKOVOX COFFEE 무료발렛 서비스", 130,000, 9.6
역삼 마리호텔, "사장님 한마디 프렌치 살롱 스타일의 Elegant 하고 Economical한 호텔 주차장 정보주차장 보유숙소 입니다.총 40대 주차시설 보유지하철 정보2호선 선릉역2호선 역삼역수인분당선 선릉역주변 정보역삼역2호선 부근역삼 센터필드 도보 2분선릉과정릉 차량 6분삼성동 코엑스 차량 10분객실내부 시설킹사이즈 라텍스매트리스 무료미니바55SMART TVNETFLIX TVING OTT SERVICE스팀다리미 무료 대여서비스프런트 및 그 외 시설LOBBYFRANKE IKOVOX COFFEE무료주차 서비스(VALLET SERVICE)", 70,000, 9.7
역삼 CF호텔, "사장님 한마디 2021년7월18일 새롭게 단장 하였습니다비흡연 고객을위해 금연객실 별도 운영중입니다.(금연실 배정은 입실당일 호텔로 전화문의 바랍니다)항상 친절하고 청결한 객실제공을 위해서 최선을 다하겠습니다.전객실 넷플릭스가능(개인계정필요) 혜택안내요금할인주차장 정보 1실 1주차 가능합니다.2대이상 주차시 호텔문의바랍니다.특수차량 이용시(기계주차 불가차량) RV,대형SUV,수퍼카,개조차 주차불가 할수있으니 체크인전 숙소로 문의바랍니다. 체크인시에만 주차가능합니다총 30대 주차시설 보유현재 주차장 만차 도보로 이용해주세요.지하철 정보2호선 선릉역2호선 역삼역객실내부 시설 55인치 LG SMART TV 설치 Free Minibar [에비앙2Btl 아이시스 2Btl 무료제공] 비흡연 고객을위해 금연객실 별도 운영중입니다 전객실 2인기준 입니다. 3인입실 불가합니다.(여분이불 없음) 미성년자의 혼숙및 3인이상 성인혼숙예약으로 인해 발생하는 입실거부에 대해서는 취소환불이 불가합니다. Early Cin 및 Late checkout시 추가 요금이 발생됩니다. 이와 관련한 내용은 프런트에 문의 바랍니다. 보관하지 아니한 금품 및 귀중품의 분실물에 대해서는 호텔에서 책임지지 않습니다.프런트 및 그 외 시설 요금할인예약후 익일 오전06시 미입실시 NO SHOW처리됩니다. NO SHOW시 환불불가", 35,000, 9.5
선릉 호텔 스타, "사장님 한마디 스탠다드B 객실만 넷플릭스 무료시청 가능 계정작업완료.쾌적한 투숙을 위해 전객실이 금연객실로 운영중입니다. 참고하시길 바랍니다. 공지사항코로나로 인해 꼭 공지 확인 후 예약 바랍니다.코로나 감염병 예방법에 의거 객실 정원 2인 초과 입실 금지 및 객실 간 이동 금지 집합 금지 적용됩니다. 주차장 정보1객실 1차량 그 외 주차 불가주차는 입실 시간부터 적용되며 입실 전, 퇴실 후 주차 불가합니다.총 13대 주차시설 보유지하철 정보2호선 선릉역주변 정보선릉역 8번출구 도보 1분 이내포스코 도보 4분코엑스 도보 10선정릉공원 도보 3분객실내부 시설스탠다드B 객실 넷플릭스 무료시청 가능 계정작업완료 전객실 요금은 2인 기준이며 인원 추가 불가 합니다.추가 침구류 제공 불가정원 2인 초과 적발시 강제퇴실 및 환불 불가합니다.전객실 냉난방기 설치로 개별 냉난방을 이용 할 수 있습니다.디럭스 타입은 노트북이 설치 되어있으며, 그 외 객실은 프런트에서 무료 렌탈이 가능합니다.얼리체크인과 레이트 체크아웃시 추가요금 발생됩니다. (빠른입실, 퇴실시간이 지난후 체크아웃)[얼리체크인 1시간당 1만원] [레이트 체크아웃 1시간당 1만원] 의 추가요금부과됩니다.신분증확인요구시 미지참자 출입불가 (취소환불불가)합니다 이점양해바랍니다.(신분증 사진은 인정 안됩니다)프런트 및 그 외 시설로비엔 무료 원두커피가 제공됩니다.제빙기가 설치되어 얼음을 자유롭게 이용 할 수 있습니다.", 30,000, 9.2
삼성 JS, "혜택안내요금할인주차장 정보 객실 이용시 객실당 주차 1대가능 합니다.(2대 입실 불가)도보전용구매후 주차하실때 2만원 따로부과됩니다주차시간은 입,퇴실시간에만가능 어길시 주차요금 따로부과됩니다총 17대 주차시설 보유지하철 정보2호선 선릉역주변 정보서울특별시 강남구 선릉로92길 3752호선수인분당선 선릉역 10번 출구 도보 5분거리 2호선 삼성역(코엑스) 도보 10분거리서울선릉과정릉 공원 입구까지 도보 2분객실내부 시설일반실 50인치 TV특실 65인치 TV VIP 객실 75인치 TV(스타일러) 전객실 넷플릭스, 유튜브등 OTT 프로그램 무료 시청가능 전객실 욕조,비데 설치 완료전객실흡연가능프런트 및 그 외 시설 무인 키오스크로 비대면 체크인 24시간 직원 근무(미성년 입장불가, 신분증 미지참시 강제 퇴실조치 및 환불불가) 전 객실 2인 입실 기준이며, 3인 이상 입실시 입실 불가,강제 퇴실조치 (취소 및 환불불가) 이용에 참고 부탁드립니다. 객실 이용시 객실당 주차 1대가능 합니다.(2대 입실 불가) 전객실 욕조 이용가능(비데) 성수기 및 특정일, 공휴일(전일 포함)에는 요금 변동이 있을 수 있습니다.", 40,000, 9.4
선릉 베드스테이션, "사장님 한마디 연박이용고객님들은추가요금없이종일사용가능합니다.3인이상남녀혼숙금지!가족제외(증명이필요합니다)미성년자입실불가능합니다호텔측사정에의한취소발생시100%전액환불처리됩니다호텔측사정으로객실정보가수시로변경될수있습니다(객실정보변경에대한불이익은당사가책임지지않습니다) 주차장 정보 기계식 주차장은 준,중형 국산 승용차만 가능합니다. 외부 주차공간이 협소하니 그외 차량 이용시 전화 문의주세요.총 15대 주차시설 보유현재 주차장 만차 도보로 이용해주세요.지하철 정보2호선 선릉역수인분당선 선릉역주변 정보 선릉,정릉 도보1분 코엑스 도보 10분 선릉역 도보 3분객실내부 시설최신 영화 다시보기전채널 최신 TV 다시보기전객실 고사양 PC고사양 게임 ( 배틀그라운드 )고데기 대여 해드립니다더블더블 객실은 전화문의바람프런트 및 그 외 시설로비커피머신 완비물,음료 별도 요금 없이 무료로 제공 하고 있습니다", 25,000, 9.1
삼성 디에이스, "사장님 한마디 객실 배정은 랜덤입니다. 층별로 스타일이 상이합니다. 객실은 지정 불가 합니다. (체크인 시 랜덤 배정) 2박 이상 연박 예약시 연박비 추가 발생 체크인 다음날 부터 일수에 따라 아래와 같이 부과됩니다. 도보 : 평일 10,000, 주말 20,000 주차 : 평일, 주말 상관없이 20,000 (평일 : 월~목, 주말 : 금~일, 공휴일 및 전일) 상기의 사유로 예약 취소 및 환불 불가하오니 주의해서 예약 부탁드립니다. 트윈 추가 인원 절대 없습니다. (2인기준) : 예외없음 트윈 미취학아동 요금 추가될수 있습니다.주중 무한대실 가능(평일)오전 9~20시까지 최대 12시간 이용가능무한대실 이용고객 주차불가 합니다현장 현금 결제만 가능합니다(예약안됨, 할인적용 안됨)대실예약 Earlybird 혜택 이벤트! 오전10~정오12시(평일) 대실입실시(예약시X) 1시간 추가 또는 객실업그레이드 혜택 원하는 혜택이 있을 시 현장 문의하세요.혼숙미성년자이용 미성년자는 보호자 동반 없이 이용할 수 없습니다 미성년자 예약시 입실 거부되며 이로 인한 환불은 불가 합니다.혼숙예약으로 발생하는 입실 거부에 대해서는 취소환불이 불가합니다. 혜택안내요금할인주차장 정보1객실1주차 입니다. 추가되는 주차차량은 주차비 현장결제 필요합니다. (대실1만원 숙박2만원)주차불가 예약건에 대해 주차 차량 가져오시면 주차비 현장결제 필요합니다. (대실1만원 숙박2만원)1톤 이상 트럭 탑차와 력셔리카는 예약전 문의 부탁드립니다. 문의없이 예약시 주차 거부 할 수 있습니다. . 차키를 프론트에서 요청시 맡기셔야합니다금연총 10대 주차시설 보유지하철 정보2호선 삼성(무역센터)역2호선 선릉역수인분당선 선릉역객실내부 시설객실 배정 랜덤입니다. 0.청결과 위생을 철저히 합니다. 1.전객실 10평이상 넓은 객실 건강을 생각한 포켓스프링 매트 , 전객실 크고넓은 풀킹싸이즈(18002000) 매트리스 (트윈룸 제외)2.무한 wifi , 삼성 천정형 냉난방 시스템, 최신50인치 LEDTV( 프리미어룸 이상), 최신올인원PC3.고객님의 건강과 위생을 생각한 화장품 및 샤워용품 고급 1회용 포장재 무료제공프런트 및 그 외 시설1.무료 발렛 서비스2.최고급 세코원두커피 머신 및 비스켓, 캔디류 무한제공3.깨끗한 샤워가운 프론트 비치로 청결 유지4.고대기 대여 완비", 30,000, 9.0
삼성 라엠-LaM, "주차장 정보차량으로 오실 때는 네비게이션에 삼성동 1003 입력하시고 오시면 쉽게 찾아오실수 있습니다대중교통으로 오실때는 9호선 봉은사역 4번출구에서 500미터 직진후 서울의료원 사거리에서 좌측으로 50미터쯤 오시면 됩니다총 10대 주차시설 보유지하철 정보2호선 삼성(무역센터)역9호선 봉은사역객실내부 시설지중해 산토리니풍의 산뜻하고 아늑한 인테리어로 리모델링을 했습니다넓은 주차장과 깔끔한 객실, 친절한 서비스로 고객님들을 정성껏 모시겠습니다일회용품은 무료로 제공하고 있습니다전객실 금연객실입니다차량이용시 1객실에 차량 1대 주차가능합니다미성년자입실 절대 금지합니다.(예약하셔도 취소안됨)신분증 꼭 지참바랍니다. 모바일신분증 안되세요!!입실 시간 외에 미리 주차는 불가합니다(평일에는 전화문의바랍니다) 전 객실이 2인실입니다. 2인이상 투숙을 원하실 경우 반드시 호텔로 연락주셔서 문의해주세요 혼숙 사용은 금지하고 있고, 사전에 연락없이 입실시에는 환불이 불가하고 사용이 제한 될 수 있습니다.연박시 추가 요금 발생합니다.(전화문의바랍니다)반려동물 동반 입실 불가합니다코로나 바이러스로 전 세계가 어려운 상황에서 저희 라엠호텔을 찾아주시는 고객님들께 감사의 말씀을 드리며 전객실 청소후 철저한 소독과 위생점검을 실시하고 있으며 객실내 모든 음료와 샤워용품을 일회용품으로 비치하여 재사용 하는 일이 없도록 하고 있으며 타올, 가운, 침구류를 재사용 없이 무조건 교체해서 청결하고 위생적으로 관리하고 있습니다객실입실후 객실취소는 어떤이유라도 취소와 환불처리 불가능하십니다.객실변경은 10분이내에는 가능하십니다대실숙박 시간연장 요금은 선불입니다 참고해주시기 바랍니다.프런트 및 그 외 시설새로운 시설, 최고의 서비스로 고객 한분한분 정성껏 모시겠습니다전 객실에 65인치(일부 일반실 55인치) 삼성 UHD 스마트TV가 설치되어 있어서 침대에 누워서 편안하게 리모컨으로 넷플릭스 시청이 가능합니다", 30,000, 9.3
선릉 그레이호텔, "혜택안내요금할인주차장 정보차량방문시 1객실당 1대만 주차가능합니다.만차시 주차는 불가하며 인근 공영주차장을 이용부탁드립니다.어플 예약시 만차상태라 도보방문으로 이미 예약을한 건에는 (차량) 주차가 절대 불가합니다.만차가 아니더라도 디럭스(차량불가객실)로 예약시 주차불가, 차량방문으로 예약해도 디럭스(차량불가)객실로 예약하면 주차불가합니다.반드시 주차가능한객실과 차량방문으로 예약해야만 주차가능합니다필히 주차가 필요하신 경우엔 숙소에 꼭 먼저 문의하시길 바랍니다!차량예약시 입실시간 맞춰 주차가능합니다퇴실시간 이후 차량 미출차시 퇴실시간부터 추가요금 부과됩니다.총 5대 주차시설 보유지하철 정보2호선 선릉역주변 정보선릉역1번출구도보3분객실내부 시설전객실 입실시 랜덤배정되며 사진과 다를수 있습니다숙박 체크인시 예약자명과 예약번호를 확인 후 입실 가능합니다.객실내에는 샴푸, 린스, 바디워시 무상제공그 외 세면도구 및 일회용품은 프론트에서 별도구매 (정가2천원,환불불가)기본숙박칸(연박불가)으로 연박예약시 기본숙박과 연박전용예약과의 차액만큼 추가요금 이 부과됩니다.(연박은 연박전용탭이 있는 디럭스,디럭스객실만 가능합니다)대실이용시 숙박으로 요금추가 변경불가하며 숙박으로 변경시 다시 숙박요금전액을 결제하셔야합니다.늦대실 이용시 밤11시가 넘어가는 순간 숙박요금전액이 부과되므로퇴실시간을반드시 준수 바랍니다.객실당 2인기준 요금이며 코로나19로 인하여 정원초과는 불가합니다. 보고없이 추가인원적발시 과태료 청구와 환불없이 즉시 강제퇴실조치합니다.신분증확인요구시 미지참시 출입불가 (취소환불불가)하므로 이점양해바랍니다.객실키 분실시 분실료가 부과되오니(2만원) 외출시 프론트에 맡겨주세요.객실이용시 객실내시설물(린넨류포함)등 훼손시 과태료가 청구되오니 이점 양해바랍니다, 염색 금지얼리체크인과 레이트 체크아웃시 추가요금 발생됩니다. (빠른입실과 퇴실시간이 지난경우)얼리체크인시:디럭스,디럭스객실:30분이내(5,000원),30분이상~1시간이내(1만원)그이상은 디럭스,디럭스기준 시간당 1만원부과(추가요금은 호텔사정에따라 변동될수 있습니다)스위트30분8천원 1시간15,000원부과됩니다(주말에는 대실비가 추가됩니다)단, 레이트 체크아웃시:객실종류에따라 시간당으로 추가요금부과됩니다이용시간이후 연장할경우 시간연장인지 대실연장인지 결정후 미리 프론트에 알려주셔야합니다그렇지않을경우 시간연장으로 간주하여 시간당또는 대실요금 으로 부과됩니다고객 부주의로 일어난 사고에 대해서는 그레이에서 책임지지 않습니다.그레이호텔은 금연건물입니다. 흡연 시 과태료 10만원이 부과됩니다.정원2명유지하면서 객실 릴레이 이용은 불가합니다.(최초입실자2명외입실금지)동물 식물 입실 절대 금지. 입실시 환불없시프런트 및 그 외 시설퇴실됩니다.로비에서 커피베이커리 각 얼음 이용가능.로비에 A waiting seat여기어때앱으로 결제예약한 경우 그레이호텔은 여기어때 규정에 따르고있습니다.숙박이용시간(심야시간)에 타고객에게 민폐를 끼칠경우 환불없이 강제퇴실조치하오니 양해바랍니다법적기준 미성년자는 이용불가, 보호자 동반 시에도 입실 불가신분증확인요구시 미지참시 출입불가 (취소환불불가)하므로 이점양해바랍니다.(신분증 사진은 인정 안됨)실물신분증 실물여권 실물운전면허증만 인정됩니다.전객실 입실시 랜덤배정되며 사진과 다를수 있습니다충전기와 와인오프너는 프론트에서 무료대여가능합니다. (충전기 대여 시 신분증 보관 필수)WiFi free ,전객실 매직기넷플릭스는 개인계정 이용하여 셋탑박스로 시청 가능객실내 킥보드 자전거 입실 불가능.욕조있는 객실 입욕제 사용 불가능( 착색시 비용 청구)", 40,000, 9.5
대치 컬리넌, "혜택안내요금할인주차장 정보투숙객 차량 1대까지 무료 발렛파킹총 25대 주차시설 보유지하철 정보2호선 삼성(무역센터)역2호선 선릉역수인분당선 선릉역객실내부 시설전객실 입실시 랜덤배정되며 사진과 다를수 있습니다보고없이 추가인원적발시 과태료 청구와 환불없이 즉시 강제퇴실조치합니다.신분증확인요구시 미지참시 출입불가 (취소환불불가)하므로 이점양해바랍니다.객실키 분실시 분실료가 부과되오니 외출시 프론트에 맡겨주세요..정원2명유지하면서 객실 릴레이 이용은 불가합니다.(최초입실자2명외입실금지)프런트 및 그 외 시설여기어때앱으로 결제예약한 경우 컬리넌호텔은 여기어때 규정에 따르고있습니다.", 30,000, 9.3
선릉 프린스, "사장님 한마디 2박 이상 연박 예약 시 연박비가 추가로 부과됩니다. 연박비는 체크인, 체크아웃 날짜를 제외한 일수에 따라 아래와 같이 부과됩니다. 차량 X : 평일 10,000원 주말 20,000원 차량 O : 평일 주말 관계없이 20,000원 (평일 : 월화수목 주말 : 금토일) 상기의 사유로 예약 취소 및 환불 불가하오니 주의해서 예약 부탁드립니다. 도보전용객실 이용고객 차량이용시 추가비용 20,000원 주차요금 부과되니 예약시 확인 바랍니다. 2.2M 탑차이상, 1.5t이상 화물차 주차 안됩니다. (탑차 관련해선 숙소로 문의주시고 부득이하게 주차를 원할경우 숙박료외 주차비 30.000원 부과 됩니다.) 혜택안내요금할인주차장 정보넓은 주차장 보유 문의 없이 항시 주차 가능 합니다.1객실당 1주차만 가능합니다.대실 차량 추가시 20,000원, 숙박 차량 추가시 20,000원도보전용객실 이용고객 현장 추가비용 20,000원 결제시 차량 이용 가능주차시설을 보유한 숙소입니다.(차량 이용 시 숙소에 문의해 주세요.)지하철 정보2호선 선릉역객실내부 시설전 객실 무한 WiFi전 객실 천정형 삼성 시스템 에어컨전 객실 최신 삼성 LED 대형 TV전 객실 PC, 23인치 LED 모니터전 객실 깨끗하고 새로 제작한 침구류전 객실 USA 이클립스 새 메트리스로 전격 교체 남다른 엄청난 크기의 풀킹사이즈(1,8002,000) 침대 키 180cm 이하라면 가로, 세로 번갈아 누우셔도 됩니다.비즈니스룸 제외 뽀송뽀송 새 타올로 전면 교체 항상 회원님의 건강을 먼저 생각하는 프린스로 거듭나겠습니다.프런트 및 그 외 시설풍부한 먹거리 서비스!강남 최고의 넓은 주차장 보유!후문 주차장 200평 규모, 지하주차장 8대, 정문주차장 5대, 총 60대 주차 가능!주차장에 차 세우시고 체크인후 외출 및 입실해주세요.", 40,000, 8.9
강남 데미안, "사장님 한마디나홀로 패키지 객실은 1인 입실 기준 객실입니다.필히 확인 후 예약 부탁드립니다.주차장 정보정문 1층 야외주차 4대 정문 지하주차장 4대3층 후문 야외주자창 6대인근협력업체 주차 5대총 19대 주차시설 보유지하철 정보2호선 역삼역3호선 매봉역수인분당선 한티역주변 정보강남 세브란스 변원 도보 5분거리객실내부 시설연박 이용 시 추가요금 30,000원 있습니다.모든 추가 결제는 현장에서 진행됩니다.추가 안내사항데미안호텔 규정신분증 미 지참시 입실이 거부 될수 있으며 이로 인해 입실을 하지 못 할 경우 취소나 환불 불가합니다.전객실은 2인 기준 요금이며 2인까지 입실가능합니다.디럭스 1인 스위트 스위트 트윈 2인 추가가능(인원추가 요금 2만원, 침구 추가요금 1만원)객실당 주차 1대 가능연박 이용시 추가 요금 객실별, 요일별 상이합니다.모든 추가 결제는 호텔에서 진행합니다.", 30,000, 9.2
개포 컬리넌, "혜택안내요금할인주차장 정보차량은 1객실당 1대만 가능합니다.주차장이 협소한 관계로 지정된 주차대수 외에는 주차가 불가합니다.입실시간 이전, 퇴실시간 이후에는 주차장을 이용하실 수 없습니다.주차관련 예약취소나 환불은 불가하오니 공지사항 숙지 후 예약부탁드립니다.총 14대 주차시설 보유현재 주차장 만차 도보로 이용해주세요.지하철 정보3호선 매봉역수인분당선 구룡역신분당선 양재역신분당선 양재시민의 숲역객실내부 시설객실요금 및 시간 관련객실요금은 2인 기준입니다.얼리체크인 및 레이트체크아웃시 추가요금이 발생합니다.객실요금 및 이용시간은 호텔 내부 방침에 따라 사전 공지없이 변경될 수 있습니다.공휴일 및 특정일은 객실요금이 변동 될 수 있습니다.연박 이용시 추가요금이 발생할 수 있습니다.02) 20581558 으로 문의 바랍니다.주차장 이용안내차량은 1객실당 1대만 가능합니다.주차장이 협소한 관계로 지정된 주차대수 외에는 주차가 불가합니다.입실시간 이전, 퇴실시간 이후에는 주차장을 이용하실 수 없습니다.주차관련 예약취소나 환불은 불가하오니 공지사항 숙지 후 예약부탁드립니다. 미성년자 입실 제한전객실 미성년자 입실불가. (미성년자 예약의경우 환불 및 취소는 불가합니다)체크인시 신분증을 반드시 지참하셔야 합니다. (프런트 확인요청시 미지참의 경우 이용불가 및 환불불가)환불규정체크인 날짜 기준 당일취소 및 Noshow 전액 환불불가프런트 및 그 외 시설 건물 내 안심소독 진행중 객실, 로비, 프런트 이용안내 객실 내 생수2, 음료2 샴푸, 바디워시, 린스, 비누 일회용 남여 스킨, 로션 비치일회용품(칫솔, 치약, 면도기 등 )은 프런트에서 구매가능합니다. (1,000원)짐보관 서비스 : 체크인 전, 후 무료 짐 보관 가능 (24시간 운영)미니바 운영 : 1F 원두커피 및 허브티, 전자렌지 이용가능대여물품 : 고데기(일부 객실내 비치중), 노트북전객실 금연", 41,000, 9.2
양재 데님 호텔, "주차장 정보1객실 당 1대 주차가능(초과시 현장에서 추가금액 발생합니다.)총 40대 주차시설 보유지하철 정보3호선 양재(서초구청)역3호선 매봉역수인분당선 구룡역신분당선 양재역신분당선 양재시민의 숲역", 40,000, 8.7
논현 올인, "사장님 한마디 회원가는 현금 현장결제에 한해서 적용됩니다 감사합니다깨끗하고 편안한 휴식공간, 고객님께 편안한 휴식처가 될 수 있도록 노력하겠습니다.많은 이용 부탁 드립니다.추가안내현재 코로나19 방역조치로 인하여 객실내 정원초과 숙박이 금지되어 있습니다그리고 객실내 파티도 금지되어 있습니다저희 호텔올인은 객실정원이2명이므로 한객실에 2명까지만 입실가능합니다고객님들께서 예약하실때 이점 주의하시어 예약진행을 부탁드립니다감사합니다청소년 보호를 위한 고객님들의 신분증검사안내청소년 보호를 위해 신분증을 검사하고 있습니다(신분증 미지참으로 인한 당일취소는 어려우므로 예약시 확인후 예약부탁드립니다)미성년자를 동반한 성인의 경우 동성끼리만 가능하며 2개이상의 객실이용을하시더라도 모두 같은 동성끼리만 가능하시므로 예약시 확인후 예약 부탁드립니다현재 미성년의 혼숙을 방지하고 청소년 보호를 위해 저희 객실을 방문하신 모든 고객님들의주민등록증을 검사하고 있습니다. 어플로 예약을 하고 오시는 고객님도 검사를진행하고 있으니 예약하신후 반드시 주민등록증을 지참하시고 방문해주시길 부탁드립니다 감사합니다 혜택안내요금할인객실문에 부착된 여기어때 혜택마크를 찾아 QR코드로 혜택받으세요.주차장 정보주차공간이 협소하여 입실시간 이전 주차는 불가합니다.차량예약시 반드시 전화로 먼저 문의해주시기 바랍니다.차량은 객실당 1대를 원칙으로 하고 있습니다.감사합니다총 7대 주차시설 보유현재 주차장 만차 도보로 이용해주세요.지하철 정보7호선 강남구청역객실내부 시설호텔올인 유투브및 넷플릭스 이용안내모든객실에서 통합리모컨을 통하여 유투브및 넷플릭스로 컨텐츠 사용이 가능합니다 넷플릭스 같은 경우 고객님의 계정을 활용하여 컨텐츠를 이용하실수 있습니다삼성 아티브 올인원PC 19인치 설치(Deluxe 2대)객실별 광랜 및 단독 WIfi제공개별 냉난방 조절 가능Deluxe이상 LG Styler 설치(전용 옷걸이 프론트대여)금연객실 운영중 (Deluxe 객실 선택가능)전객실 몰카탐지 완료(상시점검)코로나19관련 소독실시 (수시)프런트 및 그 외 시설1일 생수2병, 웰컴드링크 2병, 세안용품 무료제공1층 로비에 추가음료 및 커피 무료제공연박 청소 규정 안내사항연박시 객실 청소를 원하시는 손님께서는 13:00~17:00이전까지 프런트로 요청해주세요위 시간외에는 청소가 힘든점 양해부탁드립니다애완동물 반입금지 안내애완동물과 같이 입실하실수 없습니다적발시 환불없이 강제 퇴실 조치하며 그로인한 소독 및 방역 비용 청구 됩니다", 40,000, 9.2
역삼 화이트, "사장님 한마디 안녕하세요. 역삼동 화이트 모텔 입니다. :)합리적인 가격으로 깨끗하고 편안하게 쉴 수 있는 곳입니다.숙박비도 줄이고, 줄인 금액으로 야식도 드실 수 있는 1석2조의 효과가 있는 곳입니다. 역삼역 8번 출구 직진 (3~4분) 하나은행이 보이시면 좌측 길로 직진 (1분) 바로 앞 GS 편의점, 주차장 보유 (8대)감사합니다. 주차장 정보총 6대 주차시설 보유지하철 정보2호선 역삼역9호선 언주역객실내부 시설내부수리 재오픈추가 안내사항장기방 신청받습니다. 문의사항은 프런트로 부탁드립니다.", 25,000, 8.8
강남 블랑, "사장님 한마디 유러피안 퓨전 감성 뷰띠끄호텔 블랑 신축 Grand open! 혜택안내요금할인지하철 정보2호선 선릉역수인분당선 선릉역객실내부 시설전객실 올레 TV VOD (다시보기), 넷플릭스 무료 이용 가능, 초고속 WIFI zone, LED TV, 무선 스마트폰 충전기 구비, 정품 브랜드 비품 사용식염수,렌즈케이스 구비, .기준 인원은 1객실 2인 기준입니다.편리한 대형 기계식 엘리베이터 주차청결과 위생을 최우선으로 합니다!침구류는 절대 재사용하지 않으며,청소 메뉴얼을 준수합니다.", 25,000, 9.3
역삼 아르누보씨티 호텔앤레지던스, "지하철 정보2호선 선릉역수인분당선 선릉역프런트 및 그 외 시설 입실관련 안내사항저희 호텔은 비대면 체크인을 진행하고 있으며, 1회용 객실 출입 비밀번호로 입실 가능합니다.입실 당일 안내문자에 기재된 객실로 이동 후 1회용 객실 출입 비밀번호를 입력하시면 입실 가능합니다.객실별 비밀번호는 1회용으로 투숙기간내에만 사용이 가능하며 퇴실시간 이후 자동 초기화되며 객실 문 개방이 불가합니다.입실 당일에도 비밀 번호를 받지 못한 경우에는 예약실(16661243)또는 프론트(16443184) 문의 부탁드립니다.추가 안내사항[ 역삼아르누보시티 호텔 앤 레지던스 GO GREEN 정책 ]역삼아르누보씨티 호텔 앤 레지던스는 환경보호를 위해 고그린 정책에 동참하고 있습니다.환경 보호의 일환으로 연박 고객님의 경우, 별도의 객실 정비를 진행하지 않습니다.필요한 물품(수건, 생수 등)은 프론트에서 교체 제공해 드리고 있으니 이용에 참고하시기 바랍니다. 3박 이상 투숙하시는 경우 별도의 정비는 진행되지 않으며 객실 교체는 가능합니다. 수건 및 생수는 객실 문 앞으로 제공됩니다.(비대면)[펫룸] 애견 동반 객실 안내 사항 애견동반은 객실명에 [펫룸]으로 기재된 객실만 동반이 가능합니다. [펫룸] 당일 예약 후 당일 입실 불가 합니다. 애완동물을 객실에 혼자 방치하는 행위 적발시 강제 퇴실조치 됩니다. 실내에서는 목줄보행이 불가합니다. 반드시 애완동물 목줄 후 품에 안고 이동 부탁드립니다.1. 애견동반객실 예약 시 또는 펫룸 예약시 1마리 까지 동반 투숙이 가능하며 1마리당 10kg으로 제한됩니다. (2마리 입실 불가, 반려묘 입실 불가)2. 애견동반 제공물품 : 식기 및 물그릇, 배변판, 패드 2장3. 기본 예방접종을 하지 않은 애완견은 투숙이 불가능합니다. (최근 3개월이내 예방접종)4. 이용 시 또는 이용 후 다음 분을 위해 아래 부분은 지켜주시기 바랍니다. 외출 후 객실 입실 시 애완동물의 발을 닦아주시기 바랍니다. 객실 이용 시 배설물은 변기에 버려주시고 패드는 위생팩에 담아 휴지통에 버려 주시기 바랍니다. 객실 내 침구 비품 등 설비 등을 파손 또는 심하게 오염시키는 경우 별도 수리비 등이 부과될 수 있습니다. (체크인 시 , 카드 오픈 또는 현금 보증 요청) 안전을 위하여 호텔 주차장, 엘리베이터, 로비 안에서는 애완견을 꼭 안아주시거나 하네스를 착용 해주시기 바랍니다.5. 사전 허가 없이 무단으로 애완동물 동반 입실 시 패널티가 부과 됩니다.", 500,000, 8.7
역삼 호텔예스 - HOTEL YES, "사장님 한마디 연박시에는 주중 20,000원 금토일,공전에는 대실요금이 추가됨을 고지합니다.강남에서 최고의 가성비를 자랑하는 호텔입니다.전객실 웅진코웨이공기청정기 및 비데 설치.층별 공기청정기최고급 노하드시스템 PC방 최고급 사양(커플PC 특실이상)전 객실 넷플릭스 시청가능 . 호텔급 최고급매트리스 설치투숙인원 : 전객실 2인기준 요금 투숙가능인원 : 최대 2인온라인 취소 및 환불 : 채널사 정책에 귀속됨으로 해당 고객센터에 문의 해주시기 바랍니다.오프라인 취소 및 환불 : 3일이전 100%, 2일전 70%, 1일전 50%, 당일은 취소 및 환불이 되지 않습니다.미성년자 이성혼숙 절대 불가성인혼숙은 받지 않으며, 부득이한 경우 초과인원에 맞는 추가 객실을 구매시 가능1인추가 20,000원 현장결제만 가능합니다.범법행위 : 인테리어 구조체의 임의변경,비품의 외부반출, 객실내 집기의 분실,훼손,파손,화기소지 및 설치, 타 투숙객의 숙면을 방해하는 행위는 처벌을 받을 수 있음을고지합니다.미성년자 이용불가업소이므로 신분증 요구시 거절할때에는 예약의 취소및 환불은불가합니다.저희업소는 매일소독을 원칙으로 하고 침구류는 1회사용을 준수합니다. 혜택안내객실문에 부착된 여기어때 혜택마크를 찾아 QR코드로 혜택받으세요.주차장 정보주차 가능총 8대 주차시설 보유지하철 정보2호선 선릉역2호선 역삼역수인분당선 선릉역", 20,000, 9.0
삼성 캘리포니아, "주차장 정보선릉역 10번출구 도보 3분거리삼성동 코엑스 차량3분거리 탑차 사다리차등 높이가 있는차량은 사용이 불가하오니 이용에 착오없으시기바랍니다.차량이 2대이상일 경우(입실불가 취소환불가하오니 이용에착오없으시길 바랍니다)차량키 프런트보관슈퍼카,튜닝카,고가의차량 또는 차량을 아끼시는분들은 다른업소를 이용해주세요주차장공간부족및 협소하여 협조가 어려운차량은 받지않습니다.주차요금 1시간당 만원총 18대 주차시설 보유지하철 정보2호선 선릉역주변 정보선릉역 10번출구 코엑스 차량이용 3분거리(도보10~15분)코엑스 아쿠아리움 잠실 종합운동장 롯데타워롯데월드봉은사강남역 차량이용5분객실내부 시설시몬스침대,오리털비흡연객실은 보유하고있지않습니다.노트북은 대여 가능하며 신분증 보관하셔야합니다.VIP객실은 2종류이며 선택이 불가하오니 이용에 착오없으시길바랍니다.주차장1객실당 1대(2대는 입실불가하오니 이용에 착오없으시길바랍니다.)차량이용고객께서는 예약시간에 맞게 입.출차를 지켜주세요(한시간1만원부과)도보전용상품은 차량이용이 불가합니다. 차량을 가져오시면 주차요금2만원이 부과됩니다.3인이상 입실불가(취소환불안됨)넷플릭스,유튜브 넷플릭스접속자가 많으면 이용에 제한이 될수있습니다(서버정검및오류)프런트 및 그 외 시설프론트 고데기렌즈통,식염수 사용가능오리털이불", 35,000, 9.4
강남 타라, "사장님 한마디 타라호텔온화하고 따뜻한 분위기 메인컨셉으로 일상을 벗어난 휴식공간을 제공합니다.타라호텔이 선사하는 최고의 서비스와 다양한 혜택을 경험하십시오.스위트테라스, 스위트프리미어 객실은 예약이 많아 현장문의 부탁드립니다. 전 객실 욕조 완비(월풀 안됨) OTT 스마트티비 이용(개인개정 로그인) 와이파이 무료제공(비번 데스크문의) 전 객실내 무선 충전기 설치되어 있습니다.(충전기 제공안됨) 주차장 정보주차안내1객실 1주차가능합니다.(추가시 대당20,000)(다중주차 제한됨을 양해부탁드립니다.)특수차량 및 튜닝차,화물차,트럭등 높이 확인바랍니다.(유선문의)입실 전 선주차 불가 퇴실 후 주차 불가합니다.총 10대 주차시설 보유지하철 정보2호선 선릉역객실내부 시설타라호텔온화하고 따뜻한 분위기 메인컨셉으로 일상을 벗어난 휴식공간을 제공합니다.타라호텔이 선사하는 최고의 서비스와 다양한 혜택을 경험하십시오.스위트테라스, 스위트프리미어 객실은 예약이 많아 현장문의 부탁드립니다. 전 객실 욕조 완비(월풀 안됨) OTT 스마트티비 이용(개인개정 로그인) 와이파이 무료제공(비번 데스크문의) 전 객실내 무선 충전기 설치되어 있습니다.(충전기 제공안됨)타라호텔온화하고 따뜻한 분위기 메인컨셉으로 일상을 벗어난 휴식공간을 제공합니다.타라호텔이 선사하는 최고의 서비스와 다양한 혜택을 경험하십시오.스위트테라스, 스위트프리미어 객실은 예약이 많아 현장문의 부탁드립니다. 전 객실 욕조 완비(월풀 안됨) OTT 스마트티비 이용(개인개정 로그인) 와이파이 무료제공(비번 데스크문의) 전 객실내 무선 충전기 설치되어 있습니다.(충전기 제공안됨)프런트 및 그 외 시설 Standard(스텐다드)침실과 욕실 공간을 슬라이딩도어로 분리하였고, 우드패널로 포인트를 주어 아늑한 분위기를 조성하여 편안함을 느끼실수 있습니다.Deluxe (디럭스)온전한 휴식을 취할 수 있게 숙면을 도와주는 프리미엄 베드와 쇼파,데스크를 일체형으로 디자인하여 심플하게 구성하였습니다.Deluxe Park View (디럭스 파크뷰)객실 창을 통해 자연을 느낄 수 있으며 파우더룸 대리석과 세면대 카운터의 넓직한 공간으로 웅장함을 더해주고,고급스러운 무드를 즐길 수 있는 공간입니다.Suite terrace(스위트 테라스)최상층에 위치해 큰창과 테라스를 통해 드넓게 펼쳐진 공원의 뷰를 감상할 수 있으며 편안히 쉬어갈 수 있는 공간을 제공합니다.Suite Park View(스위트 파크뷰)가장넓고 객실과 거실공간이 분리되어있으며,객실 창을 통해 자연을 느끼며 오픈욕조에서 파크뷰를 감상할 수 있습니다.또한,쇼파공간과 다이닝공간을 구성하였습니다. Standard(스텐다드)침실과 욕실 공간을 슬라이딩도어로 분리하였고, 우드패널로 포인트를 주어 아늑한 분위기를 조성하여 편안함을 느끼실수 있습니다.Deluxe (디럭스)온전한 휴식을 취할 수 있게 숙면을 도와주는 프리미엄 베드와 쇼파,데스크를 일체형으로 디자인하여 심플하게 구성하였습니다.Deluxe Park View (디럭스 파크뷰)객실 창을 통해 자연을 느낄 수 있으며 파우더룸 대리석과 세면대 카운터의 넓직한 공간으로 웅장함을 더해주고,고급스러운 무드를 즐길 수 있는 공간입니다.Suite terrace(스위트 테라스)최상층에 위치해 큰창과 테라스를 통해 드넓게 펼쳐진 공원의 뷰를 감상할 수 있으며 편안히 쉬어갈 수 있는 공간을 제공합니다.Suite Park View(스위트 파크뷰)가장넓고 객실과 거실공간이 분리되어있으며,객실 창을 통해 자연을 느끼며 오픈욕조에서 파크뷰를 감상할 수 있습니다.또한,쇼파공간과 다이닝공간을 구성하였습니다.", 50,000, 9.4
역삼 아마레, "사장님 한마디 어매니티와 일회용품은 파우치에 담겨있으며 천원 현장결제 입니다.트윈룸 이상부터 1인 추가 시 현장에서 만원 추가금 있습니다 (객실요금은 2인 기준에 대한 기본금이며 1인 추가시 만원 발생)인원 추가 시 최대 인원은 3인이며 4인 불가능. 혼숙 금지. 동성으로만 가능 잠시 머무는 방문객도 입실 불가추가금 결제 시 최대 3인은 트윈룸 이상만 가능합니다. (일반실, 디럭스 불가능)합방을 금지합니다. 최대 투숙 인원 2인 1실 기준허가 없이 게스트 초대 금지 합니다.미성년자는 받지 않습니다.반려동물 출입 금지입니다금지사항이 확인될 시 환불 없이 퇴실 처리합니다금연 건물입니다.신분증 미지참 시 입실 및 환불 불가주차는 입실 시간이전은 불가하며 한 대만 가능합니다.시간 연장 시 대실 추가로만 가능합니다 (1시간 단위 결제는 없으며 대실로만 연장 가능합니다. 연장 시 무조건 선불결제입니다)연박은 현장에서 호텔에 문의 부탁드립니다. 혜택안내요금할인주차장 정보강남 역삼 최대 주차대수 보유주차가 편리한 지상 주차장 보유차량 1객실 당 1대 가능 추가 주차나 선 주차 시 비용 발생(20,000원)입실 시간 전 미리 주차는 불가합니다총 27대 주차시설 보유지하철 정보2호선 역삼역3호선 매봉역주변 정보강남 세브란스 병원 120m거리에 위치주변 먹자 상권 밥집 술집 맛집 형성되어 있음.도로에 인접해 있어서 차량 입출입이 편합니다.객실내부 시설코로나 자체방역 실시중전객실 55인치 스마트TV전객실 초고속 WIFI 이용가능전객실 냉장고, 드라이기, 욕실용품 비치넷플릭스 유투브 시청 가능전 객실 이태리 명품 리날디 매트리스 배치프런트 및 그 외 시설망원동 Cafentory 카페에서 직접 공수한 프리미엄 커피 제공호텔앞 역삼동 맛집 상권지하 월터미티화실 쿠폰증정", 35,000, 9.2
역삼 호텔 디 아티스트, "혜택안내요금할인주차장 정보 편리한 주차공간 확보 (신규 외부 주차장 완비) 발렛서비스차량 주차는 발렛가능, 체크인시에만 주차가능합니다.(체크인 전 미리주차와 차량1대외 2대시,주차불가 상품 구매 후, 차량으로 입실시 20,000원 추가요금발생)필히 예약전 숙소로 문의바랍니다)총 20대 주차시설 보유지하철 정보2호선 역삼역9호선 언주역객실내부 시설전 객실 금연 호텔 외부 정해진 구역에서만 흡연가능합니다프런트 및 그 외 시설전객실 바이러스케어존세스코 에어제닉설치필수사항체크인 전, 신분증 제시에 협조부탁드립니다신분증 확인이 안되면 입실불가하며,취소, 환불 불가합니다이용안내코로나 관계없이 내부방침상,전 객실 이용인원은 2인 기준인원추가는 안되며, 이불제공안됩니다또한, 남성2인 여성1인 또는 여성2인 남성1인도 마찬가지로입실불가하며, 객실 2룸 구매후, 한 객실에 모여계시는것도 안됩니다이경우 취소및 환불 불가하니 참고바랍니다전 객실 랜덤배정차량 주차는 발렛가능, 체크인시에만 주차가능합니다.(체크인 전 미리주차와 차량1대외 2대시 20,000원 추가요금발생)체크인 시간 및 요금은 호텔사정에 따라 변동될수 있습니다.얼리체크인과 레이트 체크아웃시 추가요금 발생됩니다.고데기는 프론트에서 무상대여가능하며와인잔 및 와인오프너는 프론트에서 구매가능합니다", 35,000, 9.2
역삼 리치웰, "사장님 한마디 리치웰 호텔 전객실 Netflix 프리존 (무료시청가능,자동로그인) 전 객실 2인 기준적용(디럭스,스위트,로얄스위트만 최대4인까지적용 1인당 추가요금 2만원발생,이불X) 퇴실 30분전 퇴실콜드림 (안받을시 자동연장요금발생 객실별 요금다름) 신분증 미 지참시 입실이 거부될수있습니다 (신분증미지참시 취소및환불불가) 애완동물 출입불가 객실지정불가(사진과다를수있음랜덤배정) 객실 내 물품및 재산상 손해발생시 법적책임을 질수있습니다 객실당 차량 1대 가능(전객실 모두 동일함) 2대절대불가 입실전 미리주차 절대불가 주차타워 불가차량 안내 튜닝카, 트럭 , 승합차 , 카니발, 마세라티전차량 ,고가 스포츠카및 세단 등등특수차량 및 주차타워 입고불가차량 (호텔에문의)타워주차불가차량은 (디럭스,스위트,로얄스위트) 객실만 사용가능(일반실사용불가) 호텔에 사전문의없이 주차불가차량으로 일반실예약시 차액발생 할수있음(예약취소 불가능) 혜택안내요금할인주차장 정보객실당 1대만 가능 (2대 절대불가)벤틀리,롤스로이스,페라리,람보르기니,고급슈퍼카,카니발, 포르쉐,승합차, 튜닝카, 트럭, 특수차량등등주차기계에들어가지못하는차량 절대 주차불가모든 오토바이 및 킥보드 주차불가입실 전 미리주차 절대 불가총 25대 주차시설 보유지하철 정보2호선 역삼역9호선 언주역객실내부 시설55인치 커브드 TV,천연 오가닉 Amini 어메니티,최고급 맞춤 SEDEC 가구프런트 및 그 외 시설전 객실 에이스 침대객실지정예약불가(랜덤배정)그로 인한 취소 환불은 불가합니다추가 안내사항객실 인원추가 1인 2만원(추가 이불 제공 X)스페셜 상품 시간 확인 필수연박 불가연박 시 추가 요금 발생 호텔 사전 문의 필수", 35,000, 9.3
강남 캠퍼스, "사장님 한마디 Deluxe 타입 객실 75 SMART TV ! 넷플릭스 이용 가능리얼 리뷰 후기 이벤트 중 ! 리얼 사진 리뷰를 올려주신 분들중 추첨을 통하여 스타벅스 커피 상품권을 선물로 드립니다! 어플 예약 주말 특가! 앱에서 바로 예약 일요일 숙박 결제시 현장 방문보다 저렴한 가격으로 이용 가능! 객실당 입실 가능 인원수는 2인으로 제한되어있습니다 (인원추가불가당일 예약취소불가)신분증 미지참시 입실불가 취소불가 (주민등록증 운전면허증 정증으로 확인 휴대폰 확인 불가) 혜택안내요금할인주차장 정보저희 캠퍼스 호텔은 주차가 불가능하오니 꼭 확인 후 예약바랍니다.주차관련으로 인한 당일 취소 및 환불은 불가능하오니 이점 참고하시기 바랍니다.주변 주차장관련해서는 이용자 본인이 직접 검색하시어 알아보시기바랍니다.주차장 미보유 숙소입니다. 도보로 이용해 주세요.지하철 정보2호선 강남역", 40,000, 9.3
역삼 PREMIER XYM, "사장님 한마디 신분증 미 지참시 입실이 거부 될 수 있으며 이로인해 입실을 하지 못 할 경우 취소나 환불이 불가합니다.전 객실은 2인 기준 요금 이며 2인까지만 입실 가능합니다.스위트 1인 추가가능(대실시 3만원 숙박시 2만원), 로얄스위트 2인 추가가능(1인당 2만원 씩 총 4만원) 그 이상 인원은 추가 하실 수 없으며 침구는 따로 추가 되지 않습니다.디럭스,프리미엄 이용 시 인원 추가 불가하며 이불은 추가로 이용하실 수 없습니다퇴실 30분전 퇴실콜을 드리며 전화 연결이 불가하거나 받지 않으실 경우 자동으로 연장되며 요금이 발생 합니다. 객실 별 요금이 다른 점 양해 부탁드립니다.ott 서비스는 넷플릭스와 유튜브만 이용 가능합니다.취소 문의는 여기어때 고객행복센터 15444087로 문의 바랍니다.예약 날짜가 지난 예약건에 한해서는 결제정보 변경(카드변경후 재결제) 등 어떠한 사유로도 취소나 변경이 불가합니다.동성은 체크인 불가합니다.공지 미 숙지로 인해 입실이 불가 한 경우 취소나 환불이 불가 한 점 미리 안내 드립니다. 주차장 정보기계식 주차장을 보유한 숙소입니다. 주차타워에 주차가 불가한 차량은 주차 제한이 되므로 숙소에 문의 부탁드립니다. 주차 제한 차량 (suv, rv, 박스카, 럭셔리세단, 튜닝카, 이륜차, 스포츠카 등)1객실 당 1대만 주차 가능(2대 이상 주차 불가, 미리 주차 불가)입실시간에 맞춰서만 주차가 가능합니다.트럭, 승합차, 특수 차량, 슈퍼카 고급 럭셔리 세단, 이륜차 킥보드 등 절대 주차 불가 합니다.주차불가차량 가지고 오실 경우나 도보 전용 객실로 예약 시 차량은 외부 주차장에 주차 하고 오셔야 합니다. 공지사항을 숙지하지 못 하고 차량 가지고 오셨을 경우 숙소 이용 불가 하며 취소 또한 불가 합니다.총 15대 주차시설 보유지하철 정보2호선 역삼역9호선 언주역", 30,000, 9.5
