"name", "basic_info", "cost_info", "stars"
수영 웁스, "사장님 한마디 수영 웁스 모텔에서최대 1만원 할인쿠폰까지 제공합니다!숙소정보 이용안내 꼭 참고해주세요연박이용시 전화로 문의주세요~주차시 문의주세요패밀리 이용시 문의주세요 혜택안내요금할인주차장 정보대형차 또는 탑차는 미리 숙소로 문의 부탁드립니다주차시설을 보유한 숙소입니다.(차량 이용 시 숙소에 문의해 주세요.)지하철 정보2호선 수영역3호선 수영역주변 정보수영역 7번출구까지 70m, 도보로 1분거리입니다.광안리 해수욕장까지 2km, 자동차로 3분거리입니다.BEXCO까지 1.5km, 자동차로 3분거리입니다.APEC나루공원까지 812m, 도보로 10분거리입니다.해운대해수욕장까지 5km, 자동차로 10분거리입니다.신세계백화점까지 1km, 자동차로 2분거리입니다.객실내부 시설최고급 주차 타워시설 완비여기어때 X 수영 OOPS 선찬순 1만원 할인쿠폰 EVENT전객실 올레TV세스코 정기점검 진행건물 전체 매일 소독추가 안내사항이용안내환불규정 당일시. 취소 처리 안됨 연박 예약건은 입실일자부터는 중간에 취소 불가체크인시간은 새벽02:00까지입니다. 새벽02:00~오전 09:00까지 카운터콜 안받습니다.성수기 및 특정일, 공휴일(전일 포함)에는 요금 변동이 있을 수 있습니다.미성년자 예약시 입실거부및 취소불가입니다 (민증검사는 필수입니다)저희숙소는 컴퓨터랑tv연결 안됩니다.전객실 pc안됩니다 (리모델링이후가능)객실 이용시 파손물품에 대해 객실 이용자 변상을 원칙으로 하며 구입가격을 변상합니다객실기준인원 초과시 추가비용 부담(인당 1만원입니다.패밀리룸포함) 2인이상인 경우 카운터에 체크하고입실해주세요(노체크및 몰래 들어가는경우 강제퇴실및 환불불가입니다)지나친 소음이나소란,고성,음주로 인한 행패시 다른 손님들의 편안한 휴식을위해강제퇴실되며 이로인한 환불이 불가능합니다퇴실시간 경과이후 자동연장 대실비용으로 처리됩니다 (콜해드리지않습니다)조식은 당분간 안합니다 리모델링이후 가능합니다.선착순 1만원 할인쿠폰 제공!APP으로 예약시 선착순으로 할인쿠폰 사용 가능합니다~!주차타워 완비주차장 이용시 전화주세요여기어때 회원혜택성수기 및 특정일, 공휴일(전일 포함)에는 요금 변동이 있을 수 있습니다.여기어때 회원혜택은 제휴점 내규에 따라 적용됩니다.여기어때 회원혜택은 현금 결제 시 적용됩니다.17:00시 이후대실예약건 입실시 이용시간 3시간입니다.", 20,000, 9.2
수영 메종드센텀, "사장님 한마디 [지점소개]메종 드 센텀 호텔은 원래 낡고 오래된 모텔이었습니다.저희는 모텔을 매입하고, 깔끔한 인테리어, 다양한 컨텐츠, 더 나은 휴식을 위한 아이템들을 더해 새로운 형태의 콘텐츠 호텔로 만들어 가고 있습니다.객실에서는 영화, 플레이스테이션, 음악 등 10종 이상의 컨텐츠를 경험할 수 있고2층에는 잠시 쉬어갈 수 있는, 간편 조리가 가능한 캔틴 공간을 마련해났습니다.또 전문적인 교육을 받은 직원이 체계 잡힌 응대 서비스를 제공하고,여러분이 머무는 공간의 청결 상태를 책임집니다.메종 드 센텀 호텔의 모든 객실에서 OTT 서비스, 크리에이터들의 작품이 담긴 액자,더 나은 휴식을 위해 아늑호텔이 직접 개발한 고이고이 침구류와 어메니티를경험해 보실 수 있습니다. 지원 0TT 서비스 : 넷플릭스 디즈니플러스 유튜브주차장 정보탑차, 튜닝카, 차체가 낮은 차량의 경우 주차장 진입이 불가 하오니 프론트(0517574415)로 문의 주시면 친절히 답변 드리겠습니다.총 6대 주차시설 보유지하철 정보2호선 수영역주변 정보부산 수영역 1도보 1분거리BEXCO까지 1.5Km 자동차로 5분 거리APEC나루공원까지 812m 도보로 10분 거리해운대해수욕장까지 5km 자동차로 10분 거리신세계백화점까지 1Km 자동차로 5분거리객실내부 시설BOOKMUSIC 마샬 스피커로 좋아하는 음악과 함께 책을 읽으며 시간을 보내보세요BUSINESS 일하기 좋은 데스커 책상에서 업무와 창작 활동에 집중해보세요YOGA 안다르 요가 용품과 인센스 스틱이 있는 공간에서 요가로 마음을 비워보세요MASSAGE CHAIR 엠씨스퀘어 안마의자에서 하루의 피로를 풀어보세요STANDARD 아늑함, 청결함, 쾌적함만 남긴 아늑의 스탠다드룸에서 휴식을 즐겨보세요PLAY 플레이스테이션 4로 콘솔 게임을 마음껏 즐겨보세요2 PC 고사양 게이밍 PC 2대로 밤새도록 게임을 즐겨보세요MAKEUP 평소에 사용해 보고 싶었던 스타일링 기기를 체험해보세요MUSIC 하이엔드 제네바 스키퍼와 함께 최상의 음악과 휴식을 경험해보세요프런트 및 그 외 시설Maison de Centum Hotel전 객실 금연 입니다.객실 내부나 화장실에서 흡연 시 청소 비용 부과되며근처 객실에서 흡연 행위에 대한 항의로 인하여 적발 될 시환불 없이 바로 퇴실 조치 되십니다.메종 드 센텀을 찾아주시는 모든 손님들께서 편안히머물다 가시기 위한 호텔 규정입니다미성년자는 이용이 제한되어 입실 시에 신분증을 확인하오니 양해 부탁 드립니다.부모님 동반 아닌 이상 미성년자 분들은 절대 입실 불가기준 인원 초과 시 1인 2만원 발생합니다.최대 인원 외에 절대 입실 불가.(환불불가)유아 동반 시 미리 연락 주세요.남,여가 섞여서 3인 이상은 이용 불가합니다.풍선이벤트하시는경우 (벽지,커튼에 테이프붙이면안됩니다.)객실 내 음식 반입 시 벽지 손상에 주의해 주세요.과도한 손상 시 배상 책임은 고객 님에게 있습니다.무한대실이용시간은 최대시간입니다. 마감시간에 따라 이용시간제한Maison de Centum 연박 이용 시 공지사항 연박 이용 시 평일에는 별도 추가 요금 없습니다. 다만 공휴일 전, 금요일, 토요일, 일요일 연박 이용 시 추가 요금이 발생 되오니확인 부탁 드립니다. 따로 생성한 예약에 대한 유선 혹은 현장 연박 처리 요청 시 이 점 반영이 어려우실 수 있으며, 연박으로 이용을 원하시는 경우에는 예약 처음 생성 시 연박으로 예약을 부탁 드립니다. 체크인 시 따로 생성한 예약에 대한 연박 처리 요청이 불가한 사항으로 인한 환불요청은 승인이 어렵습니다. 연박 이용 시 지정 시간 청소 요청은 불가 합니다. 룸클리닝서비스 : 연박 시 룸클리닝서비스(객실청소)를 무료로 제공해드리며 오후 4시 오후 6시 사이에 진행됩니다.", 30,000, 9.9
광안리 부띠크 호텔 휴, "사장님 한마디 그랜드 오픈! 전객실 침구류 (최고급 푹신한 오리털 이불) 광안리해변 최대규모 외부주차장확보(50대) 미니버스(25인승).냉동탑차.특수차.리무진가능 예약고객3시간전 부터 주차가능 (최대20시간) 혜택안내요금할인주차장 정보외부냉동탑차 주차가능화물차주차가능a미니버스 주차가능 (25인승)입실시간 관계없이 주차는가능합니다(예약 3시간전부터 이용부탁합니다)총 15대 주차시설 보유지하철 정보2호선 광안역2호선 금련산역주변 정보광안리 바다 도보 1분 거리까페거리1분지하철 광안역(2호선 5번출구)도보 8분거리,벡스코,센템,신세계 백화점,영화의전망 ,차량10분거리해운대 해수욕장,더 베이 101,부산 아쿠아리움,해운대시장,이기대 산책로, 차량10분거리태종대,송도케이블,자갈치,남포동,영도 해양박물관 차량 10분거리감천마을,기장 용궁사,서면,부산대학교,차량25분거리객실내부 시설인원추가시 추가요금 발생합니다.연박이용시 평일 추가비용 1일1만원 추가요금발생(월~목)연박이용시 금요일 추가비용 1일2만원 추가요금발생(금요일)연박이용시 토.일.공휴일.공휴일전날 추가비용 1일4만원 추가요금발생연박이용시 프런트 문의 후 결제바랍니다.. (현장결제 시 없습니다)미리예약 어플예약 시 성수기.특정일.연휴.등등 미리예약 시 추가요금발생합니다 (예업체에서 변동하지않아 고객님이 먼저 예약 할 경우 현장에서 당일변동요금 동일하게 지불하셔야 됩니다) 광안점 부띠크 호텔휴에서는 절대 책임이없습니다.고객님들께서도 피해없갈 바랍니다.미리예약 꼭 필요 시 먼저 업체에 문의바랍니다도보특가의 경우 주차가 불가하며 주차요구시 추가 금액이 발생할 수 있습니다.프런트 및 그 외 시설ex)무인 자판기 (현장 무인자판기 이용시 상시할인) (부띠크 호텔 급 제일 싼가격 판매)(광안리 주변)", 35,000, 9.3
광안리 씨유, "혜택안내요금할인주차장 정보 주차는 본관 별관 1층이 전체 주차장이고 차 키를 본관 안내실에 보관해 주시면 됩니다.총 30대 주차시설 보유지하철 정보2호선 광안역2호선 금련산역객실내부 시설본관이 씨유호텔 별관은 맞은 편 미라주 호텔 입니다.프런트 및 그 외 시설 프론트는 본관 씨유호텔 2층입니다. 별관 미라주 손님도 본관 씨유 호텔 2층 안내실에서 체크인 하시고 키를 받으시면 되세요~추가 안내사항입실일 당일 취소 절대 불가", 40,000, 8.8
수영 브라운도트, "주차장 정보일반주차 12대, 장애인주차 1대 가능1객실당 차량 1대 (주차장 만차시 주차 불가)총 13대 주차시설 보유지하철 정보2호선 수영역객실내부 시설주차가능 패밀리룸 24시간데스크 회의룸 해수욕장인근 프랜차이즈 트윈베드 2인PC룸(PC사양은 온라인 게임이 되지 않습니다) 세탁실프런트 및 그 외 시설브라운도트호텔 수영점은 부산 2,3호선 수영역까지 도보 2분거리에있어 편하게 대중교통을 이용 할 수 있으며, 부산의 대표 해수욕장인 광안리가 지하철1정거장 거리에 위치하고있으며, 벡스코 와 수변공원이 인접해있습니다.객실내 무료와이파이 및 PC설치는 물론 직수 정수기를 설치하여 보다 위생적인 음수시설을 제공하고있습니다.또한 출장차 방문하신 고객님의 원활한 비즈니스활동을 돕고자 무료 회의실 및 셀프세탁실 이용이 가능하십니다.저의 호텔은 고객님의 편안한 휴식을 위해 보다 나은 서비스로 고객님을 모시고자 항상 노력하겠습니다.", 20,000, 9.7
수영 스미스호텔, "사장님 한마디 코로나19 관련 공지 저희 호텔은 코로나19 예방을 위해 일 2회 자체방역을 실시하고 있습니다. 프론트 및 엘리베이터내에 손소독제를 비치하고 있습니다. 린넨 1회 사용을 원칙으로 하고 있으며 전 직원 마스크를 착용하고 있습니다.새롭게 리모델링한 부산 수영 호텔 스미스 깔끔 리뉴얼된 숙소로 고객님들께 만족을 드리겠습니다 혜택안내요금할인주차장 정보탑차 예약시 주차관련 문의 부탁 드립니다.(탑차, 카니발, 봉고, 트럭은 사이트 예약 불가숙소문의)문의없이 예약시 주차비 10,000 원 부과주차시설을 보유한 숙소입니다.(차량 이용 시 숙소에 문의해 주세요.)지하철 정보2호선 민락역2호선 수영역3호선 수영역주변 정보수영역 9번출구까지 70m, 도보로 1분거리APEC나루공원까지 812m, 도보로 10분거리신세계백화점까지 1Km, 자동차로 2분거리BEXCO까지 1.5Km, 자동차로 3분거리광안리해수욕장, 광안리 민락회센터 차량 5분거리(택시 기본 요금)객실내부 시설전 객실 세스코 완비감각적 인테리어깔끔한 객실 최첨단 시설 완비초특급 무한대실 EVENT 진행중프런트 및 그 외 시설 수영 호텔 스미스 공지사항 프리미엄 룸 이상 예약 고객, 광안탑 주차장 사전주차 가능 (프런트로 꼭 문의 부탁드립니다.)숙박 고객님, 조식 무료제공!팩스, 복사 무료 이용 가능연박 불가환불 규정 (야놀자 동일 적용) 당일 시 , 취소 처리 안됨호텔 스미스에만 있는 (모닝체크인) 입실 시간 04시~16시 (12시간) 숙소에 문의 부탁드립니다. 01083133608추가 안내사항코로나19 관련 공지 저희 호텔은 코로나19 예방을 위해 일 2회 자체방역을 실시하고 있습니다. 프론트 및 엘리베이터내에 손소독제를 비치하고 있습니다. 린넨 1회 사용을 원칙으로 하고 있으며 전 직원 마스크를 착용하고 있습니다.[이벤트객실 이용시간 안내]늦은입실 : 24시 입실13시 퇴실늦은퇴실 : 17시 입실 1시 퇴실빠른입실 : 13시 입실 13시 퇴실빠른입실늦은퇴실 : 13시 입실 17시 퇴실", 30,000, 9.2
수영 호텔리버, "주차장 정보나이스주차장 주차 가능그 외 주차시설 이용시(숙박시) 주차비 지원총 8대 주차시설 보유지하철 정보2호선 수영역3호선 수영역주변 정보지번주소 부산광역시 수영구 광안동 5019광안동 곱창거리 도보 2분, 총 140m수영역까지 도보 5분, 총 300m수영사적공원까지 차량 4분, 총 859m벡스코까지 차량 9분, 총 2.13Km광안리 해수욕장까지 차량 9분, 총 2.15Km수영구청까지 차량 13분, 총 2.99Km객실내부 시설전 객실 넷플릭스 시청 가능전 객실 호텔급 일회용 어매너티 제공전 객실 핸드폰 무선 충전기 대여전 객실 무료 WIFI전객실 금연(쾌적한 환경을 위해 동참해주세요)프런트 및 그 외 시설로비 스넥바 무료 제공 커피,과자,캔커피,쥬스(과수원 사과,오렌지 쥬스)프런트에서 여행 캐리어 보관 가능전자레인지얼음 제빙기추가 생수 무료추가 안내사항금,토,일, 공휴일, 공휴일전날은 연박추가요금이 발생합니다 프런트 문의 부탁드립니다[도보특가] 객실은 연박이 불가 합니다[21시 체크인] 객실은 연박이 불가 합니다[선착순 타임특가] 객실은 연박이 불가 합니다VIP Room 숙박 시 고급 입욕제 제공", 35,000, 9.9
광안리 고유호텔-구.광안리W, "사장님 한마디 안녕하세요. 부산 광안리 w 호텔 지배인입니다.저희 호텔은 한국 고유 감성 한옥 스타일을 추구하는 감성 호텔로2022년 05월 리모델링 오픈하였습니다.해수욕장 바로 앞에 위치하여, 드론축제광안대교 야경 등 광안리의 멋진 풍경을 품고 있으며최상의 어메니티와 최고의 컨디션 유지를 위해 노력하고 있습니다.고객님들의 선택에 최고로 보답하기위해 최선을 다 하겠습니다.감사힙니다. 주차장 정보건물 뒤편 등대 주차장 이용바랍니다!총 20대 주차시설 보유지하철 정보2호선 광안역2호선 금련산역주변 정보광안리해변가 도보 10초수변공원 도보 10분민락회센터 도보 5분센텀시티 차량 10분해운대 해변가 차량 15분광안리 다양한맛집 카페등 초인근위치!객실내부 시설해수욕장 바로 앞와이파이빔 프로젝터밤하늘을 품은 테라스광안대교를 안은 오션뷰추가 안내사항분신물 발생시 1주일 내로 연락이 안될경우 해당물건엔 대해 책임지지 않습니다.모든객실은 2인 기준이며 인원추가시 별도비용이 발생할 수 있습니다.", 20,000, 9.7
광안리 호텔 야자, "사장님 한마디 YAJA 광안리점 서비스 리뉴얼 안녕하세요 YAJA 광안리점입니다 YAJA 광안지점의 대표자가 변경됨에 따라 다양한 서비스를 추가로 제공중입니다.더욱 새로워진 모습으로 고객님들을 기다리겠습니다. 전 객실 무료 넷플릭스 공기청정기, 고데기 준비 완료음료 및 아이스크림 제공기간 2021.04. 19. ~ 12. 31. 주차장 정보숙박 및 대실 예약 시간 전 주차시 카운터로 문의 바랍니다.숙박 및 대실 퇴실 후 잠깐동안 주차시 카운터로 문의 바랍니다.객실당 차량은 1대만 주차가능 합니다. 2대 불가능총 15대 주차시설 보유지하철 정보2호선 광안역2호선 민락역주변 정보광안리 해수욕장 100m 도보 1분벡스코 1.5Km 도보 15분 자동차 5분해운대 해수욕장 4Km 자동차 15분민락회센터 타운 100m 도보 1분부산수변공원 900m 도보 10분광안비치랜드 250m 도보 4분부산 MBC 400m 도보 6분신세계백화점 1.5Km 도보 15분 자동차 5분영화의전당 1.5km 도보 15분 자동차 5분객실내부 시설 끈김없는 와이파이 민락회타운, 맛집거리 코 앞 광안리 바닷가 도보 2분 광안 비치랜드 도보 4분전 객실 금연프런트 및 그 외 시설모든 객실은 2인기준 요금이며 인원추가는 가능하나 음주 소란행위시 환불없이 퇴실조치 합니다.인원 추가 1인 15.000원 입니다.퇴실 연장 시 시간당 1만원 자동부과됩니다.자정이후 음주 소란행위 삼가해주시기 바랍니다.(타객실 항의 요청시 환불없는 강제퇴실조치 되오니 이점 숙지 하시길 바랍니다.)객실 슬리퍼는 객실이외 신고 다닐수 없습니다(외출시 객실 슬리퍼 착용시 변상조치됨을 알려드립니다.)애완동물 동반 입실 불가함을 알려드립니다.객실 내 취사행위 적발시 환불없이 즉시 퇴실됨을 알려드립니다.연박 객실의 청소의 경우는 고객의 요청이 있을 시 해 드립니다.위 사항에 해당하는 고객의 부주의한 행동으로 본 점에 해가 될 경우 변상조치됨을 알려드립니다.", 25,000, 9.7
광안리 호텔 망고, "혜택안내요금할인주차장 정보총 15대 주차시설 보유지하철 정보2호선 광안역2호선 금련산역주변 정보광안리 해수욕장까지 도보 10초거리 위치금련산역까지 도보 7분거리 위치광안역까지 도보 10분거리 위치민락 회 센터까지 도보 13분거리 위치수변공원까지 도보 15분거리 위치객실내부 시설최고급 침대와 비품전객실 넷플릭스 무료이용고사양 PC(노하드 PC방 시스템)전객실 스타일러 완비전객실 스마트TV 구비전객실 금연룸프런트 및 그 외 시설로비에서 커피 제공추가 안내사항추가 인원 및 연박 관련 안내추가인원 발생 시 1인당 1만원의 별도 추가요금이 발생합니다.(자세한 사항은 프런트로 문의)연박 이용시 (주말,성수기,공휴일)에는 추가비가 있습니다.(프런트로 문의)차량방문 고객님차키는 반드시 프런트에 맡겨주세요.차량은 부득이 하게 이동할 수 있습니다. 양해바랍니다.차량 방문 시 한 객실당 한대만 주차 가능합니다.객실 사용 안내해수욕장 이용하신 분은 후문 입구 샤워기가 비치되어 있습니다.모래를 씻고 난 후 물기를 제거한 뒤 입실해주세요(수건은 프런트로 문의 바랍니다)해수욕장 이용 고객님은 (여름철) 대실사용이 되지 않습니다.미성년자 출입금지(신분증 미 소지시 미성년자로 인정하며 싸이트 예약자는 환불 취소가 되지 않습니다.", 30,000, 9.4
광안리 누리호텔, "사장님 한마디 가성비 중심의 최고의 숙소! 누리만의 특별한 하루 혜택안내요금할인주차장 정보주차시설을 보유한 숙소입니다.(차량 이용 시 숙소에 문의해 주세요.)지하철 정보2호선 광안역2호선 금련산역주변 정보광안리해수욕장 30m 도보 1분 거리지하철 광안역 600m 도보 10분 거리지하철 금련산역 400m 도보 7분 거리민락 회 센터 도보 15분 거리객실내부 시설광안리 최초 고사양 커플 PC룸 완비인원 추가시 1명당 10,000원 추가요금이 있습니다.팬트 하우스는 최대 10명까지 입실 가능합니다.부산 광안리 누리호텔만의 특별한 공간팬션룸, 가족룸 완비!넓은 주차장 완비!최고의 시설 완비!전 객실 넷플릭스 무료이용 가능디럭스 객실 스마트 TV 이용 가능전 객실 금연입니다(흡연 관련해서는 카운터로 문의주세요)프런트 및 그 외 시설 차량 소지 방문고객 필독 감사합니다 고객님 누리호텔입니다.차량으로 방문하시는 고객분들에게 전달드립니다.1. 차량의 차키는 반드시 프런트에 맡겨주세요.2. 차량은 부득이하게 이동할수 있는 점 양해부탁드립니다.3. 차량으로 방문하실때는 1객실당 한대만 주차가 가능한 점 양해부탁드립니다.추가 안내사항최고의 시설,깨끗한 침구,프리미엄룸 욕실배드,전객실 욕조월풀대실 마일리지적립발렛파킹서비스로비에 간단한 간식과 최고급 아메리카노 커피제공충분한 주차공간 확보자세한 사항은 프론트로 문의 부탁드립니다.기본규정해수욕장(바닷가)이용 고객님은 (성수기)대실사용 불가합니다.해수욕장 이용시(성수기) 1F 주차장 옆 공간에 샤워기 비치 되어있습니다.모래를 다 씻고난후 물기를 훔친 뒤 입실 가능하십니다. (수건이 없을시에는 프런트로 문의해주세요)[운영규칙]미성년자 절대 출입금지(신분증 미 소지시 미성년자로 인정하며 사이트예약자는 취소,환불불가합니다)연박이용시에는 (주말,성수기,공휴일)에는 연박추가비가 따로있으니 프론트에 문의 부탁드립니다.빠른 체크인의 경우 당일 룸 컨디션에 따라 가능여부가 달라지며 객실이 준비되어 있지 않을 경우 어려울 수 있습니다. 미리 전화 문의 부탁드립니다.평일 출장고객 예약 시 빠른입실 제공해드립니다.(:프론트로 문의부탁드립니다~)주말 전화예약시 할인가 제공", 20,000, 9.4
광안리 WABA 클래식, "혜택안내요금할인주차장 정보 건물 내, 지상 주차 시설을 갖추고 있습니다. (총 7대 주차시설 보유) 내부 주차장 만차 시 인근 공영주차장 이용 가능합니다.총 10대 주차시설 보유지하철 정보2호선 광안역2호선 민락역주변 정보민락회센터 타운에서 30m도보 1분 거리부산수변공원에서 80m 도보 2분 거리마린랜드에서 50m 도보 1분 거리광안비치랜드까지 250m 도보로 4분 거리객실내부 시설체크인 전, 체크아웃 이후, 프런트에 짐 보관하여 드립니다.스탠다드 객실은 3가지 타입의 룸을 랜덤 배정합니다.고데기는, 여분의 충전기는 프런트에서 무료로 대여해드립니다. (퇴실하실 때 반납)월플 스파가 있는 객실은 프리미엄 및 파티룸입니다.스탠다드 객실은 일반 욕조가 있습니다.지나친 소음발생시 퇴실조치 될 수 있으니 유의하여 주시기 바랍니다.[ 애견객실 안내사항 ] 객실 예약을 위해 동반하는 견종 및 kg기재를 부탁드립니다. 8kg이하 길들여진 애견 1마리 동반 입실가능(1마리 초과 투숙시 3만원 요금발생) 강아지를 혼자 객실에 두고는 외출이 불가하며, 이로인해 주변객실에서 강아지 짖는 소음으로 인한 컴플레인 발생시, 환불없이 퇴실 조치 됩니다.또한 고객과의 연락불가로 강아지가 혼자 객실에서 계속 짖는 경우 사전고지 없이 관할 애견보호소로 이동 될 수 있으며 시간당 별도의 요금이 부과됩니다. 퇴실 전 배설물을 수거하는 펫티켓을 지켜주시고 그렇지 않을 시 별도의 청소비가 부과됩니다.(반려견 배설물 수거는 동물보호법 제13조에 명시된 의무사항입니다) 5대접종 2년내 광견병 접종이 되어 있어야 합니다. 반려견과 호텔내부 이동시 고객이 직접 안거나 케이지 필수 입니다. 보호자의 부주의로 인한 사고 및 반려견 실종에 대하여 호텔과 직원은 책임이 없습니다. 반려견이 호텔 침구나 카페트 등에 배변을 하였을 경우, 별도의 세탁비가 청구됩니다.(베개 30,000원 이불 80,000원)프런트 및 그 외 시설간단조식 내용토스트, 쨈, 식빵, 우유, 쥬스, 컵라면(주말)1층 로비 커피머신, 얼음정수기, 전자레이지 비치커피과자, 믹스커피, 음료 등 추가 필요 시 프론트에 요청하시면 제공해 드립니다.추가 안내사항인원추가시 추가인원 1인당 2만원의 추가요금이 발생합니다", 30,000, 9.3
광안리 보나트리 호텔, "사장님 한마디 2022년 4월 GRAND OPEN 새롭게 오픈한 저희 보나트리 호텔은 항상 청결과 서비스를 겸비한 광안리 최고의 호텔이 되겠습니다.많은이용부탁드립니다. 혜택안내요금할인객실문에 부착된 여기어때 혜택마크를 찾아 QR코드로 혜택받으세요.주차장 정보광안리 내 최고수준 주차장 보유!총 20대 주차시설 보유지하철 정보2호선 광안역2호선 민락역주변 정보광안리해변가 도보 1분수변공원 도보 5분센텀 신세계백화점 차량 10분 소요해운대해변가 차량 10분 소요광안리 주변 맛집 카페 횟집프런트 및 그 외 시설캐리어 보관 서비스프런트에 문의부탁드립니다추가 안내사항디럭스 더블룸 오션뷰,욕조 등 업그레이드 객실이용 필요시 현장문의 바랍니다.족욕식 욕조 (디럭스 더블,트윈 일부객실 및 패밀리) 배정 프론트 문의넷플릭스 이용 원할 시 프론트 문의 부탁드립니다.침구 추가 별도요금 발생으로 프론트로 문의부탁드립니다.최대인원 초과 시 프론트로 문의부탁드립니다.금연건물로 흡연구역은 프론트로 문의부탁드립니다. 취소 및 환불 규정7월, 8월 성수기 기간(특정일) 취소불가(사유에 따라 80%~90% 수수료 발생할 수 있습니다.)체크인일 기준 7일 전 : 70% 환불체크인일 기준 6일 전 : 50% 환불체크인일 기준 5일 전 : 40% 환불체크인일 기준 4일 전 : 30% 환불체크인일 기준 3일 전 : 10% 환불체크인일 기준 1일 전~당일 및 Noshow : 환불불가특실(한실, 트윈테라스)은 예약취소가 불가 합니다.늦은입퇴실룸 연박불가 및 현장문의 부탁 드립니다.", 30,000, 9.8
광안리 Hy리얼티 호텔, "사장님 한마디 프론트 운영 시간: 24시간오더 요청시간: AM 9:00~ PM 24:00새벽1시 이후 체크인 하시는 고객님은 반드시 호텔로 연락 바랍니다.숙박 예약 후 연락이나 구두상 통보 없이 익일 am2:00까지 입실 하지 않는 경우 자동 퇴실 처리 됨을 알려드립니다.차량 혼잡으로 인하여 금토요일은 입실시 주차 가능 상품 예약 고객님은 1회에 한해서 호텔 주차장 또는 제휴업체 주차장 주차 보장을 해드리니 이점 양해바랍니다.미성년자 입실 불가 합니다.당일예약은 해당객실이 마감되므로, 어떤 사유가 있던 취소,환불처리가 불가합니다.가맹점 사정에 의해 객실 정보가 수시로 변경 될 수 있습니다.이로 인한 불이익은 당사가 책임을 지지 않습니다.성수기 및 특정일, 공휴일(전일 포함)에는 요금 변동이 있을 수 있습니다.애완동물 동반은 불가합니다.모든 객실 타입은 랜덤으로 배정 됩니다.룸 지정이 필요하신 분은 호텔로 문의 바랍니다.배정된 객실과 사진은 상이할 수 있습니다.인원추가 및 시간추가로 인하여 발생되는 금액 또한 객실별로 상의하며금액은(10.000원 ~ 15.000원) 발생됩니다.성수기 특정일 공휴일에는 입실시간과 대실요금은 달라질수 있으니, 프론트로 문의바랍니다항상 노력하는 HY리얼티 호텔이 되겠습니다. 감사합니다!객실 이용요금은 모든객실 동일 2인 입실 기준 입니다.고객의 퇴실시간(11시) 이후의 퇴실시 1시간에 1만원의 추가요금이 발생됩니다.전객실 금연 객실을 운영합니다. 주차장 정보건물주차장 만차일 경우 외부주차장 마린랜드주차장(정마트, 신협건물 지하) 이용 부탁드립니다.객실당 1대까지 주차 가능하며, 차량 추가 주차시 1대당 1만원의 주차비가 발생합니다.총 10대 주차시설 보유지하철 정보2호선 광안역2호선 민락역주변 정보부산 광안리 해변에서 60m도보 1분 거리민락 회센터타운에서 20m도보 1분 거리마린랜드에서 30m 도보 1분 거리MBC사옥에서 300m 도보 5분 거리벡스코, 영화의전당, KNN에서 택시요금 약 4,000원객실내부 시설신축 청결한 숙소, 라텍스 침대 및 최고급 호텔 침구,스파이용. 넷플릭스 이용가능", 20,000, 9.7
광안리 브라운도트-해수욕장점, "사장님 한마디 전객실 세련된 객실로 새롭게 단장하였습니다. 저희 브라운도트는 광안리 해변가 바로앞에 위치하고 있으며 전객실 넷플릭스설치, 품질좋은 원두커피 제공등 다양한 혜택과 최상의 서비스 제공을 위하여 최선을 다하겠습니다.많은 이용부탁드립니다! 주차장 정보12시 이후 출차시에는 주차장에서 별도의 추가주차비가 발생합니다.객실당 주차 차량은 1대 기본입니다.(차량이 2대일 경우 추가비용발생)총 5대 주차시설 보유지하철 정보2호선 광안역2호선 금련산역주변 정보2호선 광안역까지 900m2호선 금련산역까지 250m광안리 해변가 도보 1분수변공원까지 도보 15분차량 5분 소요신세계 백화점까지 차량 10분 거리에 있습니다.오륙도, 이기대까지 차량 15분 거리에 있습니다.해운대 더베이 101, 누리마루 APEC하우스, 동백섬, 벡스코 등이 차량 10분거리에 있습니다.인근 회센타, 해변가에 다양한 맛집과 카페가 있습니다~객실내부 시설전객실 WiFi , 일부객실 PC 보유(필요시 문의),디럭스 이상 객실 최신비데 설치,전객실 VOD 다시보기 서비스 가능전객실 넷플릭스 TV로 시청가능(아이디 비번 프론트로 문의)전객실 금연 협조 부탁 드립니다.객실 예약요금 공지사항객실 예약요금은 2인 기준 요금입니다.기준인원(2인) 이상 추가인원 입실시 현장에서 1박당 15,000원 비용이 발생됩니다.퇴실시간 초과시 추가요금이 자동 부과됩니다(30분 초과시 1만원)프런트 및 그 외 시설프린터, 복사가능 흑백고데기,충전기 필요시 대여가능!!추가 안내사항환불규정사이트 환불규정이 적용됩니다.1일전, 당일은 환불 불가 합니다.애견동반 금지 입니다.7월~8월 해수욕장 이용고객은 대실이용 불가합니다.새벽3시 이후까지 입실하지 않을시 노쇼처리됩니다.", 30,000, 9.1
광안리 HOTEL Y, "사장님 한마디 광안리에 방문하면 Y로 오셔야죠~ 주차장 정보평지주차장 시설(20대 주차가능) 보유발렛파킹 서비스주차는 객실당 1대 가능총 20대 주차시설 보유지하철 정보2호선 광안역2호선 민락역주변 정보광안리해수욕장 200m, 도보로 2분거리입니다.민락회센터까지 130m, 도보로 1분거리입니다.수변공원까지 도보로 10분거리입니다.벡스코까지 차량 10분거리입니다.신세계백화점 센텀점 차량 10분거리입니다.객실내부 시설전 객실 금연룸으로 운영전 객실 그린존 방역 실시호텔식 린넨관리연박시 청소 서비스프런트 및 그 외 시설무료 커피,얼음컵,스넥바전자레인지냉,온,정수기 구비드라이기,고데기 구비", 20,000, 9.7
광안리 투헤븐, "혜택안내요금할인주차장 정보주차시에는 프론트에 차키를 맡겨주십시요주차장 혼잡시 이동이 있을수있습니다총 10대 주차시설 보유지하철 정보2호선 광안역2호선 금련산역주변 정보광안리해수욕장까지 10m, 도보로 30초 거리입니다.금련산역까지 297m, 도보로 5분 거리입니다.광안역까지 917m, 도보로 14분 거리입니다.민락회센터까지 981m, 도보로 15분 거리입니다.민락동 포차마차거리까지 1.3km, 도보로 21분 거리입니다.민락공원까지 1.6km, 도보로 23분 거리입니다.광안대교까지 1.5km, 도보로 23분 차량으로 5분 거리입니다.객실내부 시설전 객실 옷장이 따로 구비(구김없이, 걱정없이 보관가능)전 객실 WiFi 사용가능노래방 시설까지 완비 (별개로 운영)최신 비데설치로 쾌적한 화장실구성주차장 완비 (1객실당 주차 1대 가능, 초과 시 주차비 추가 발생)주차시에는 프론트에 차키를 맡겨주세요주차장 혼잡 시 이동이 있을 수 있습니다프런트 및 그 외 시설코로나 대비 소독 안내광안리 투헤븐은 고객님의 안전을 위해 손소독제 비치, 매일 객실 소독을 진행하고 있습니다~전객실 넷플릭스가능객실 예약요금은 2인기준 요금입니다.추가인원 입실 시 1인당 평일 10,000원 주말,특정일 10,000원 추가비용 발생됩니다.자세한 사항은 프론트로 문의 부탁드립니다.더욱더 좋은 서비스를 제공해 드리는 투헤븐 호텔이 되겠습니다.추가 안내사항성수기 연박예약 시 추가금액 발생할 수 있습니다.(프론트 문의바랍니다.)환불 규정사이트 환불규정이 적용됩니다.1일전, 당일은 환불 불가 합니다.", 20,000, 9.2
광안리 광안비치 호텔 더 엠 -The M, "사장님 한마디 2022년 06월 리모델링 GRAND OPEN 광안리 더 엠 입니다!광안리 해수욕장 바로 앞에 위치하고 있으며,최신식 리모델링 시설과 친절한 서비스로고객님들께 보답하겠습니다.감사합니다. 주차장 정보객실당 기본 1대 주차를 보장합니다.추가 차량에 대해 1만원의 주차 요금을 청구합니다.도보 특가 상품을 예약했음에도 차량으로 이동하신 고객님께는 주차요금 1만원을 현장에서 청구합니다.총 20대 주차시설 보유지하철 정보2호선 광안역2호선 민락역주변 정보광안리 해변가 50m. 도보 1분거리민락 회 센터 30m. 도보 1분거리수변공원에서 80m, 도보 2분거리광안리 내 다양한 카페, 맛집 인근 위치!객실내부 시설넷플릭스 및 유튜브 이용을 원하시는 고객님께서는 프론트로 문의바랍니다~남들이 신던 슬리퍼는 그만! 전 객실에 청결한 1회용 슬리퍼 비치프런트 및 그 외 시설성수기 및 특정일, 공휴일(전일 포함)에는 요금 변동이 있을 수 있습니다.환불 및 취소는 규정에 따라 상이하게 처리될 수 있습니다.여기어때 회원혜택은 제휴점 내규에 따라 적용됩니다.입실 시 신분증을 확인하고 2004년 생을 포함한 미성년자는 입실이 제한됩니다(신분증을 꼭 지참해주시기 바랍니다.)불편사항 있을 시 언제든지 안내실에 문의주세요.친절하게 답변해드리겠습니다", 25,000, 9.9
광안리 Q, "사장님 한마디 여름맞이 전객실!! 침구류 전체 교체매트리스 이불 베개 등 전 객실 침구류 교체!!광안대교가 제일 잘보이는 숙박업소광안리 Q X 행복식당 BIG EVENT 주차장 정보넓고 쾌적한 주차시설 보유!!주차시설을 보유한 숙소입니다.(차량 이용 시 숙소에 문의해 주세요.)지하철 정보2호선 광안역2호선 금련산역주변 정보광안리 해변에 위치합니다.부산 광안대교 전망을 자랑합니다.부산 민락동 포장마차 거리까지 348m, 도보 4분거리입니다.부산 민락동 수변공원 거리까지 934m, 도보 5분거리입니다.해운대 백스코까지 2km, 차량 5분거리입니다.객실내부 시설최고의 오션뷰가 함께하는 부산 광안리 Q 와 함께하세요 광안리 바다와 광안대교가 객실에서 한눈에!!! 광안리 해수욕장 바로 앞 위치!!! 최고의 오션뷰를 자랑하는 부산 광안리 Q 광안리 드론쇼 직관가능한 방 보유!! 광안리 먹거리, 즐길거리 핫플레이스 도보거리추가 안내사항여름맞이 전객실!! 침구류 전체교체광안리 해수욕장 바로 앞민락 회센터 수변공원 초근접 위치광안리 해변이 가장 잘보이는 오션뷰 객실보유고데기 프론트에서 대여가능!", 20,000, 6.8
광안리 NO.25, "사장님 한마디 전 객실 오리털 이불과 라텍스 메트리스를 사용하여 더 나은 휴식을 하실 수 있습니다.저희 숙소는 24시간 예약 및 문의 가능하시며 항상 친절한 서비스를 위해 최선을 다하겠습니다. 혜택안내요금할인객실문에 부착된 여기어때 혜택마크를 찾아 QR코드로 혜택받으세요.주차장 정보총 12대 주차시설 보유지하철 정보2호선 광안역2호선 민락역주변 정보광안리해변가까지 50m, 도보 1분 거리광안비치랜드까지 50m, 도보 1분 거리수변공원까지 200m, 도보 5분 거리신세계 백화점까지 2km, 차량 5분 거리추가 안내사항각 객실의 입실 기준을 확인바라며, 추가 인원시 현장에서 추가요금 결제됨을 알려드립니다.성수기 및 특정일, 공휴일(전일 포함)에는 요금 변동이 있을 수 있습니다.입실 시 신분증을 확인하고 미성년자는 입실이 제한됩니다(신분증을 꼭 지참해주시기 바랍니다.)불편사항 있을 시 언제든지 안내실에 문의주세요. 친절하게 답변해드리겠습니다~!", 25,000, 9.7
광안리 호텔 마레, "사장님 한마디 기준인원 2인이며 인원 추가시 1인당 1만원의 추가비용이 발생합니다.(혼숙은 가족외에 불가합니다)성수기 및 특정 공휴일은 요금 변동이 발생할 수 있습니다.체크인시 미성년자 확인절차로 인한 신분증 요구시에는 이에 응해 주셔야 하며, 거부시에는 입실을 할수 없으며 취소환불처리 불가합니다.추가적으로 고객님의 실수나 부주의로 인한 예약실수는 취소환불처리 불가합니다. 주차장 정보건물 1층 내외부 주차시설를 보유하고 있습니다.주차는 객실당 1대로 제한하고 있습니다. (프론트 문의)내부 주차장 만차시 인근 공용주차장 이용이 가능합니다. (프론트 문의)외부주차장 남천 바다로 24 바다주차장주차 전 호텔에 전화주셔서 차량번호 전달후 주차가능총 10대 주차시설 보유지하철 정보2호선 광안역2호선 금련산역2호선 남천역주변 정보광안리해변 초근접10m금련산역(3번출구) 도보 3분수변공원 도보 15분벡스코, 신세계백화점, 롯데백화점, 영화의전당 차량 10분거리해운대, 동백섬, 이기대 산책로 차량 10분거리태종대, 오륙도, 송도해상케이블 차량 15분거리주변 다양한 맛집과 빵천동 베이커리및카페 근접객실내부 시설전 객실 리모델링을 시행하였습니다. (가구류,침구류,에어컨,화장실)전 객실 금연룸 입니다.전 객실 무료 Wifi 사용이 가능합니다.전 객실 휴대폰 충전기가 비치되어 있습니다.전 객실 고급 Bath Amenity(치약,칫솔 등) 무료 제공합니다.전 객실 벽면TV, 냉장고 및 에어컨이 설치되어 있습니다.전 객실 2인기준 1인추가시 추가요금발생합니다(1인 1만원)프런트 및 그 외 시설프론트는 24시간 운영되고 있습니다.프론트에서 팩스,복사,프린터 사용이 가능합니다.로비에는 고급 원두커피를 Self 제공하고 있습니다.로비에 다양한 커피와 차를 즐길수있는 테이블이 비치되어 있습니다.1층에 흡연인을 위한 흡연구역이 설치되어 있습니다.숙박쿠폰적립(51)넷플릭스무료현장결제할인", 25,000, 9.4
광안리 Hotel Yam, "사장님 한마디2021년 12월 새로운 모습으로 오픈하였습니다.항상 고객분들에게 행복한 하루를 선물할 수 있도록 최선을 다하겠습니다.많은 이용 바랍니다광안리 도보 1분이내 초근접 숙소주차 40대 이상 가능(1객실 1주차), 광안리 인근 대형 주차장 완비가족 및 단체 손님 숙박 가능한 객실 구비(패밀리 트윈, 스위트 트윈)체크인 전 수화물 및 짐 보관 가능스낵바 고급 원두 커피 제공(프론트)노트북 대여 가능(프론트 문의) 주차장 정보총 40대 주차시설 보유지하철 정보2호선 광안역2호선 민락역주변 정보광안리 해변에서 130m, 도보 2분민락 포장마차거리에서 310m, 도보 3분민락 수변공원에서 900m, 도보 5분광안 지하철역 5번 출구에서 1.3km, 차량 3분벡스코가지 3.2km 차량 8분센텀시티까지 2.7km 차량 6분객실내부 시설전객실 넷플릭스유튜브 무료 시청가능 광안리 도보 1분이내 초근접 숙소주차 40대 이상 가능(1객실 1주차), 광안리 인근 대형 주차장 완비가족 및 단체 손님 숙박 가능한 객실 구비(패밀리 트윈, 스위트 트윈)체크인 전 수화물 및 짐 보관 가능스낵바 고급 원두 커피 제공(프론트 문의)노트북 대여 가능(프론트 문의)추가 안내사항전객실 리모델링 완료기본규정입실시 기준 인원은 2인이며, 추가 인원시 현장에서 추가요금 결제됨을 알려드립니다.객실은 체크인시 배정되며, 상기 이미지와 다를 수 있습니다.상기 이미지의 객실 예약을 원하실 경우, 프런트로 문의 부탁드립니다성수기 및 특정일, 공휴일(전일 포함)에는 요금변동이 있을 수 있습니다.도보특가 객실 상품은연박불가 입니다.깜짝특가 객실 상품은연박불가 입니다.늦은입실 객실 상품은연박불가 입니다.늦은퇴실 객실 상품은연박불가 입니다.", 20,000, 9.5
광안리 브릿지 호텔, "사장님 한마디 모든 숙박 및 대실 요금은 2인 기준입니다.( 인원 추가 시 1인당 일반실,특실,한실 20,000원 스위트,로얄스위트,VIP 30,000원의 추가요금이 발생합니다)대형세단,대형RV,봉고차,짐차 주차불가합니다. 혜택안내객실문에 부착된 여기어때 혜택마크를 찾아 QR코드로 혜택받으세요.주차장 정보대형차량 (세단, RV, 카니발, 화물차) 주차 불가주차시설을 보유한 숙소입니다.(차량 이용 시 숙소에 문의해 주세요.)지하철 정보2호선 금련산역2호선 남천역주변 정보광안리해변1초거리광안비치랜드 차량5분금련산역(3번출구) 도보 5분수변공원 도보 15분벡스코, 신세계백화점, 롯데백화점, 영화의전당 차량 10분거리해운대, 동백섬, 이기대 산책로 차량 10분거리태종대, 오륙도, 송도해상케이블 차량 15분거리주변 다양한 맛집과 빵천동 베이커리및카페 근접", 25,000, 8.6
광안리 호텔 프리마베라 InBUSAN, "사장님 한마디프리마베라 (Primavera) 는 이탈리아어로 봄이라는 뜻입니다.봄의 희망과 꿈을 상징하는 이곳 !늘 바닷바람과 푸른 공기가 머무는 저희 Primavera in Busan에서 몸과 마음이 행복한 시간을 가지시길 바랍니다. 주차장 정보총 30대 주차시설 보유지하철 정보2호선 광안역2호선 금련산역주변 정보민락회타운 253m 도보 3분수변공원까지 1.2km 차량 4분벡스코까지 3.5km 차량 8분센텀시티까지 3km 차량 7분동백섬까지 3.6km 차량 11분객실내부 시설광안리 고층 오션뷰 호텔 11층부터 객실 배정오션뷰를 기대하는 고객님들께서 만족할 수 있는 고층 객실로11층부터 객실 배정이 되어, 뻥 뚫린 광안리 해수욕장을 내려다 볼수 있는시그니처인 오션뷰를 자랑합니다!고층 오션뷰를 원하시는 고객님들 서둘러 예약해주세요 호텔 프리마베라 in BUSAN 위치 주소: 부산 수영구 광안해변로 278번길 42, A동 11층~14층호텔주변:민락 회센터 바로옆도보 1분거리광안리 해수욕장까지 약 200m 도보 2분거리수변공원까지 약 1km도보 10분거리주차최대 250대 정도 수용이 가능한 넓은 지하주차장을 원활히 이용이 가능하십니다.차량 이용 시 탐앤탐스 부산오션브릿지점을 검색하신 후 방문 해 주시면 해당 건물을 보다 편하게 찾으실 수 있습니다.각 사이트별로 지정된 체크인시간 기준부터 호텔에서 무료로 차량등록을 해드리고 있으며, 체크인시간이전에 입차를 하신경우 본인부담이신점 참고부탁드립니다.주차는 지하1F2F, A동B동 상관없이 하시면되고, 프론트는 A동 11층입니다.객실당 차량은 1대만 주차지원합니다. 1대의 차량이상일 경우, 주차지원이 불가하며 출차 시, 주차장에서 요금 지불 부탁드립니다.체크인: 17시 체크아웃: 익일12시펜트하우스를 제외한 일반객실의 얼리체크인,레이트체크아웃은 1시간당 1만원입니다.펜트하우스는 1시간당 2만원입니다. (전 객실 최대연장 다음날 15시)전객실 욕조,히노끼탕 주류 및 입욕제사용 불가모든 객실내 욕조, 히노끼탕은 입욕제 사용이 불가합니다.욕조 내에서 와인,맥주 등 주류를 마시거나 흘려서색깔이염이 있는 경우 변상조취 함을 필히 알려드립니다.11층 조식공간 간편조식 제공 조식 이용시간: am7:30 am9:00빵, 시리얼, 우유, 컵라면, 구운란, 주스, 다과 등이용주의객실당 차량은 1대만 주차가능퇴실시간이후에 퇴실시 시간당1만원 부과됩니다. 체크아웃:11시애완동물 동반입실은 절대 불가하며,적발시 환불없이 퇴실조치합니다.모든 객실 내 금연구역입니다. 흡연으로 인해 화재경보 발생시 과태료10만원다른객실 피해보상료 부과됩니다.늦은시간까지 객실내에서 고성방가로 인해 다른객실에 불편함을 줄 경우 환불없이 퇴실조치 될수 있습니다.편안한 호텔을 위해 양해 부탁드립니다.펜트하우스 객실에는 식기류 및 취사도구가 구비되어 있지 않습니다.펜트하우스 이용안내숯불바베큐식기류취사도구 간단조리(인덕션)펜트하우스 객실에는 간단한 조리는 가능하나식기류 및 취사도구는 구비되어 있지 않으니 필요하시면 챙겨오셔야 합니다.이 점 꼭 주의바랍니다.( 침대구성: 더블더블) 거실 개별 오션테라스2인기준 1인추가시 1인당 2만원 현장추가 보조침구제공필독 객실 배정 시 객실 구조는 사진과 상이할 수 있습니다.침구 추가 시 별도의 비용이 발생합니다.전 객실 금연입니다.모든 객실은 2인 기준요금 입니다.1객실 1주차 무료 가능합니다.프런트 및 그 외 시설시티뷰 오션뷰당일 11시부터 18시 까지 6시간 이용 가능한 객실 입니다.상품내용에 기재된 체크인 체크아웃 시간과는 무관합니다 .객실 타입은 당일 상황에 따라 랜덤으로 배정 되는점 유의 부탁 드립니다 .당일 취소는 불가하며 당일 예약건임을 다시한번 참고 부탁 드립니다.", 50,000, 9.5
광안리 호텔 오션뷰, "사장님 한마디광안대교가 한눈에 펼쳐져 보이는 Ocean View Hotel13층에서 바라보면 확 트인 높은 뷰! 환상의 뷰를 느껴보실 수 있습니다.고객 여러분의 편안한 하루를 위해 객실 특유의 냄새가 나지 않도록장시간 문을 개방하여 환기와 청결유지에 전 직원이 힘쓰고있습니다.바닷가에 위치해 HOT한 예쁜 카페와 줄서서 먹는 맛집을 즐길 수 있는최상의 조건으로 잊지못할 즐거운 추억을 만들어 보세요~저희 호텔을 찾아주시는 모든 고객님들께 감사의 마음을 전하며항상 최상의 서비스와 친절으로 보답할 것을 약속합니다! 감사합니다찾아오시는 길민락동 회타운 앞 바닷가 쪽으로 30m 쯤 오셔서오션브릿지 쌍둥이 건물 1층 투썸플레이스와 수정궁 사잇길로 오시면출입구가 건물 지하 주차장과 연결되어 있습니다.주차후 B동 13층으로 엘리베이터를 이용하시면 됩니다. (문의전화 0517552777)혜택안내요금할인주차장 정보무료 주차 시설 : 지하 1층2층 주차 240대 가능(타워 주차 포함)총 240대 주차시설 보유지하철 정보2호선 광안역2호선 금련산역주변 정보부산 민락회센터 까지 30m 도보 1분광안리 해수욕장 까지 30m 도보 1분민락 수변공원 까지 1km 도보 10분광안역(지하철역) 까지 1.4km 자동차 3분해운대 누리마루(동백섬) 까지 자동차 10분객실내부 시설무료 WIFI 제공 (출장고객 개인정보 보호를 위해 각 객실마다 비밀번호 이용)로얄 테라스오션 더블 객실 예약 시 스타벅스 쿨러랜턴(블루투스) 무료대여객실 배정은 타입별 랜덤배정이 기본원칙이며, 대표사진과 상이할 수 있습니다.족욕기, 욕조 사용이 가능한 객실의 경우 호텔로 문의 부탁드리며, 별다른 요청 없을 시 체크인시 타입별 랜덤배정 됩니다.추가 안내사항취소 및 환불이 불가한 숙소입니다.단순변심이나 객실뷰로 인한 환불이나 취소는 불가능 합니다.입실 NOSHOW 환불 불가 입니다.객실은 체크인시 랜덤배정되며 사진과 약간 다를 수 있습니다.남여혼숙 3인 이상 금지되어 있습니다.기준 인원 외 추가인원 1인당 3만원의 (조식비용 포함) 추가비용 청구됩니다.(4세까지 무료 5세~7세 10,000원 8세~12세 20,000원 13세 이상 30,000원)미성년자 보호자와 동반시 투숙 가능합니다.(5세 미만 아동 무료 입실)미성년자 예약으로 인해 발생하는 입실거부취소환불 불가합니다. (체크인시 신분증확인이 있을 수 있습니다.)미성년자 부모 숙박동의서 지참시에는 입실이 가능합니다.(사전 동의 필요)모든 객실은 금연입니다. (건물 자체 금연건물이므로 절대 금연 부탁드립니다!)흡연하시는 고객은 객실예약시 테라스룸을 이용하시거나 14층 테라스를 이용하시면 됩니다.퇴실시간 초과 시 추가요금 자동발생됩니다.객실 이용시 파손 및 분실물품에 대해서는 객실 이용자 변상을 원칙으로 하며, 구입가격으로 변상합니다. (객실 입실 사전 점검후 입실원칙으로 합니다.)", 25,000, 9.6
광안리 호텔 마린뷰, "사장님 한마디 안녕하세요 새롭게 오픈 한 Hotel Marineview 입니다.시원한 오션 뷰와 함께 품격있는 서비스, 시설로 광안리에서 편안한 시간 보내시길 바랍니다. 주차장 정보주차 객실 당 1대 무료 오션 브릿지 지하 1,2층 주차 지하 2층 주차 타워 사용 가능동시 200대 주차 가능한 시설로 넉넉한 주차 공간이 마련되어있습니다.찾아오시는 길은 바닷가 쪽으로 들어오셔서 건물 1층 메가 커피, 씨유 편의점과 수정궁 샛길로 들어오시면 지하 주차장과 연결되어 있습니다 :)총 1대 주차시설 보유지하철 정보2호선 광안역2호선 금련산역주변 정보광안리 해변 해수욕장 걸어서 1분 거리광안역 3번 출구 도보 약 15분 차량 약 5분 입니다객실내부 시설최고급 벨기에산 라텍스 최고급 구스 침구류일~금요일 체크인 16:00 이후, 체크아웃 13:00 이전토요일 및 공휴일 체크인 17:00 이후, 체크아웃 13:00 이전Fluent in English (영어회화 가능한 직원 )전 객실이 금연입니다. 객실 내 흡연 시 강제 퇴실 및 과태료 부과됩니다.인원 추가시 1인 20,000원(36개월 이상 성인 추가비용 발생)무료 주차(한 객실당 1대 지하주차장)추가 차량 대당 1만원 유료무료 WiFi미성년자 보호자와 동반시 투숙 가능미성년자 예약으로 인해 발생하는 입실 거부에 관해서는 취소환불 불가합니다.체크인시 신분증 확인이 있을 수 있습니다.모든 추가비용 현장결제Design Hotel 특성상 사진과 다른 테마의 객실이 배정될 수 있습니다.모든 객실은 기본 옵션을 제외한 뷰, 인테리어 등의 차이가 있을 수 있습니다. 이러한 차이에 대한 환불요청은 환불 불가합니다.성수기 시즌 예약변경 및 환불은 엄격히 제한되오니 신중한 예약확인 부탁드립니다.성수기 시즌 및 기타약관 문의사항은 호텔로 문의바랍니다. (0517573133)실사간 예약특성 상 사업자 귀책사유로 인한 예약건은 안내 후 취소될 수 있습니다.[강제 퇴실조치 및 손해배상 청구사항]객실내 흡연 고성방가 및 객실내 집기류 훼손 사전에 예약된 인원이외의 외부인 출입시미성년자 혼숙 및 신분증 미지참으로 인한 입실거부 다음 이용인을 위하여 입,퇴실 시간을 준수해주시기 바랍니다. 애완동물과 함께 호텔을 이용하실 수 없습니다. 파손물품에 대해서는 객실 이용자 변상을 원칙으로 하며 구입가격으로 상환 합니다. 전객실 무료 와이파이입니다.강제 퇴실조치 및 손해배상 청구 사항객실내 흡연고성방가 및 객실내부 훼손 집기류 파손 사전에 예약된 인원이외의 외부인 출입시미성년자 혼숙 및 신분증 미지참으로 인한 입실거부", 120,000, 9.9
광안리 오션투헤븐, "사장님 한마디 오시는 분들 모두가 저희 오션투헤븐 호텔에서 만족과 편안함을 느끼고 가시길 바랍니다.주차장 정보차량을 이용하시는 고객님께서는오션브릿지 건물 뒷쪽으로 주차장 입구가 있습니다.지하 1,2층 동시 70대 평면주차 가능하며지하 2층에는 타워 주차장도 구비되어 있습니다.총 150대 주차시설 보유지하철 정보2호선 광안역2호선 금련산역2호선 민락역주변 정보민락회타운 253m 도보 3분수변공원까지 1.2km 차량 4분벡스코까지 3.5km 차량 8분센텀시티까지 3km 차량 7분동백섬까지 3.6km 차량 11분객실내부 시설전 객실 넷플릭스전 객실 금연객실전 객실 최고급 구스다운 침구, 전 객실 스타일러, 공기청정기 비치프런트 및 그 외 시설1층 CU 편의점 24시간 영업 중세스코 바이러스 케어로 매일 코로나19 방역 중각 층마다 객실출입 보안 도어 설치 외부인 출입으로 인한 고객님들의 불편을 줄이고자 최선을 다하고 있습니다. 보안이 철저해 더욱 안심할 수 있는 오션투헤븐에서 더욱 편안한 하루 보내세요~~!5층 야외테라스 [흡연] 가능5층 라운지 [조식 무료, 최고급 원두커피 무료] 제공충전기, 고데기, 노트북 대여 가능주차는 지하 1층,2층에 하시고 A동 5층 오션투헤븐으로 올라오시면 차량 무료 등록 가능.추가 안내사항체크인 시 본인 실물 신분증(사진필수) 제시가 필요합니다.", 30,000, 9.5
광안리 라움103, "사장님 한마디 입실기준인원외 추가인원 1인당 15,000원 추가(현장결제) 모든 객실 해당노쇼(NoShow) 예약 후 미방문으로 인한 환불은 불가합니다.광안리 라움103 호텔은 모든객실 취소불가 입니다. 주차장 정보 주차 안내 숙소 바로 앞 수변공원 공영 주차장(주차면수 102면) 있음. 만차시 인근 수변 어린이 공원 공영주차장 (주차면수 102면) 주차.(거리 330미터)총 10대 주차시설 보유지하철 정보2호선 동백역2호선 센텀시티역주변 정보 신세계롯데 백화점 차량 10분거리수변 공원 내 위치하여 활어센터 접근성 최상광안리 해변 도보 6분거리 지하철 광안역 민락역 차량 6분거리 홈 플러스 차량 10분 거리객실내부 시설 2019 11월 GRAND OPEN 오픈 특가 진행중! 수변공원 밀레니엄 플라자(활어센터) 6층에 위치 광안대교 초근접 뷰 전망을 만끽하세요! 킹사이즈의 천연라텍스 침대와 함께! 각도 조절 가능한 침대헤드로 편안함을! 개별 룸 와이파이로 빠른 인터넷! 전 객실 거위털 이불, 베개 구비! 전 객실 어매니티 구비! 숙소 내부는 절대 금연 구역입니다! 전 객실 기준인원 외 1인당 1만 5천원 추가됩니다.프런트 및 그 외 시설 데스크탑과 팩시밀러(복사, 팩스, 스캔) 구비 에스프레소, 아메리카노 커피머신 무료이용 폰 충전기, 고데기 , 와인 잔 구비(카운터에 문의) 로비를 포함한 전 객실 금연구역 반려동물동반불가 숙소", 30,000, 9.7
광안리 썬시티, "혜택안내객실문에 부착된 여기어때 혜택마크를 찾아 QR코드로 혜택받으세요.주차장 정보주차장 주소: 호텔썬시티 건너편 신호주차장(부산광역시 수영구 광안로 597)100% 차량 주차가능!주차장 위치 : 서울반점, 마포숯불갈비 사이 도로위치도보특가 객실은 주차가 불가능한 객실입니다도보특가 객실은 주차가 불가능한 객실입니다주차시설을 보유한 숙소입니다.(차량 이용 시 숙소에 문의해 주세요.)지하철 정보2호선 광안역2호선 금련산역주변 정보 광안리 해수욕장 해변까지 10초 이내 광안리 민락 회센터 도보 4분 광안리 수변공원 도보 6분 지하철 광안역(2호선 5번 출구) 7분 벡스코, 센텀시티 신세계 백화점 자동차 10분 이내 해운대 해수욕장, 아쿠아리움 자동차 10분 이내 자갈치시장, 국제시장, 태종대 자동차 30분 이내", 20,000, 7.3
광안리 문베이 관광호텔, "사장님 한마디 혼숙 절대 불가합니다전객실 2인 기준입니다. 인원추가를 원하시는 경우 1인 1만 원 추가비용이 발생합니다.객실 호수 및 디자인은 호텔 운영 상황에 따라 랜덤 배정 됩니다. 혜택안내요금할인주차장 정보1인 1대, 도보 특가로 예약하신 후 차량 들고 오신 경우에는 추가요금이 발생할 수 있습니다총 50대 주차시설 보유지하철 정보2호선 광안역2호선 금련산역주변 정보광안리 해수욕장 모래사장까지 도보 30초 거리입니다.금련산역까지 290m, 도보로 5분 거리입니다.광안역까지 910m, 도보로 14분 거리입니다.민락회센터까지 12분 거리입니다수변공원까지 1km, 도보로 20분 거리입니다광안대교까지 1.5km, 도보로 23분 차량으로 5분 거리입니다.", 100,000, 9.2
광안리 그레이193, "사장님 한마디 Gray193HOTEL COVID19 예방전 객실 살균 소독 및 공기 정화 매주 실시!70대 동시주차 가능아쿠아리움 할인권 제공 설레고 흥분되는 부산여행의 마침표 주차장 정보차량으로 이동하시는 고객님께서는 지하 1,2층 및 주차타워 (지하 2층)를 이용하실 수 있습니다.총 70대 주차시설 보유지하철 정보2호선 광안역2호선 금련산역2호선 민락역주변 정보광안리해수욕장도보1분거리광안비치랜드도보1분거리민락회센터도보1분거리민락수변공원도보5분거리센텀신세계백화점차량8분거리해운대동백섬차량10분거리해운대해수욕장차량15분거리해운대달맞이길차량20분거리부산역KTX차량25분거리김해공항차량30분거리남포동BIFF광장차량30분거리송도케이블카차량40분거리객실내부 시설전객실 넷플릭스 시청 가능전객실 공기청정기 설치 완료살균 소독 및 공기 정화 매주 실시", 40,000, 9.7
수영 브라운도트, "주차장 정보일반주차 12대, 장애인주차 1대 가능1객실당 차량 1대 (주차장 만차시 주차 불가)총 13대 주차시설 보유지하철 정보2호선 수영역객실내부 시설주차가능 패밀리룸 24시간데스크 회의룸 해수욕장인근 프랜차이즈 트윈베드 2인PC룸(PC사양은 온라인 게임이 되지 않습니다) 세탁실프런트 및 그 외 시설브라운도트호텔 수영점은 부산 2,3호선 수영역까지 도보 2분거리에있어 편하게 대중교통을 이용 할 수 있으며, 부산의 대표 해수욕장인 광안리가 지하철1정거장 거리에 위치하고있으며, 벡스코 와 수변공원이 인접해있습니다.객실내 무료와이파이 및 PC설치는 물론 직수 정수기를 설치하여 보다 위생적인 음수시설을 제공하고있습니다.또한 출장차 방문하신 고객님의 원활한 비즈니스활동을 돕고자 무료 회의실 및 셀프세탁실 이용이 가능하십니다.저의 호텔은 고객님의 편안한 휴식을 위해 보다 나은 서비스로 고객님을 모시고자 항상 노력하겠습니다.", 20,000, 9.7
수영 스미스호텔, "사장님 한마디 코로나19 관련 공지 저희 호텔은 코로나19 예방을 위해 일 2회 자체방역을 실시하고 있습니다. 프론트 및 엘리베이터내에 손소독제를 비치하고 있습니다. 린넨 1회 사용을 원칙으로 하고 있으며 전 직원 마스크를 착용하고 있습니다.새롭게 리모델링한 부산 수영 호텔 스미스 깔끔 리뉴얼된 숙소로 고객님들께 만족을 드리겠습니다 혜택안내요금할인주차장 정보탑차 예약시 주차관련 문의 부탁 드립니다.(탑차, 카니발, 봉고, 트럭은 사이트 예약 불가숙소문의)문의없이 예약시 주차비 10,000 원 부과주차시설을 보유한 숙소입니다.(차량 이용 시 숙소에 문의해 주세요.)지하철 정보2호선 민락역2호선 수영역3호선 수영역주변 정보수영역 9번출구까지 70m, 도보로 1분거리APEC나루공원까지 812m, 도보로 10분거리신세계백화점까지 1Km, 자동차로 2분거리BEXCO까지 1.5Km, 자동차로 3분거리광안리해수욕장, 광안리 민락회센터 차량 5분거리(택시 기본 요금)객실내부 시설전 객실 세스코 완비감각적 인테리어깔끔한 객실 최첨단 시설 완비초특급 무한대실 EVENT 진행중프런트 및 그 외 시설 수영 호텔 스미스 공지사항 프리미엄 룸 이상 예약 고객, 광안탑 주차장 사전주차 가능 (프런트로 꼭 문의 부탁드립니다.)숙박 고객님, 조식 무료제공!팩스, 복사 무료 이용 가능연박 불가환불 규정 (야놀자 동일 적용) 당일 시 , 취소 처리 안됨호텔 스미스에만 있는 (모닝체크인) 입실 시간 04시~16시 (12시간) 숙소에 문의 부탁드립니다. 01083133608추가 안내사항코로나19 관련 공지 저희 호텔은 코로나19 예방을 위해 일 2회 자체방역을 실시하고 있습니다. 프론트 및 엘리베이터내에 손소독제를 비치하고 있습니다. 린넨 1회 사용을 원칙으로 하고 있으며 전 직원 마스크를 착용하고 있습니다.[이벤트객실 이용시간 안내]늦은입실 : 24시 입실13시 퇴실늦은퇴실 : 17시 입실 1시 퇴실빠른입실 : 13시 입실 13시 퇴실빠른입실늦은퇴실 : 13시 입실 17시 퇴실", 30,000, 9.2
수영 호텔리버, "주차장 정보나이스주차장 주차 가능그 외 주차시설 이용시(숙박시) 주차비 지원총 8대 주차시설 보유지하철 정보2호선 수영역3호선 수영역주변 정보지번주소 부산광역시 수영구 광안동 5019광안동 곱창거리 도보 2분, 총 140m수영역까지 도보 5분, 총 300m수영사적공원까지 차량 4분, 총 859m벡스코까지 차량 9분, 총 2.13Km광안리 해수욕장까지 차량 9분, 총 2.15Km수영구청까지 차량 13분, 총 2.99Km객실내부 시설전 객실 넷플릭스 시청 가능전 객실 호텔급 일회용 어매너티 제공전 객실 핸드폰 무선 충전기 대여전 객실 무료 WIFI전객실 금연(쾌적한 환경을 위해 동참해주세요)프런트 및 그 외 시설로비 스넥바 무료 제공 커피,과자,캔커피,쥬스(과수원 사과,오렌지 쥬스)프런트에서 여행 캐리어 보관 가능전자레인지얼음 제빙기추가 생수 무료추가 안내사항금,토,일, 공휴일, 공휴일전날은 연박추가요금이 발생합니다 프런트 문의 부탁드립니다[도보특가] 객실은 연박이 불가 합니다[21시 체크인] 객실은 연박이 불가 합니다[선착순 타임특가] 객실은 연박이 불가 합니다VIP Room 숙박 시 고급 입욕제 제공", 35,000, 9.9
광안리 썬시티, "혜택안내객실문에 부착된 여기어때 혜택마크를 찾아 QR코드로 혜택받으세요.주차장 정보주차장 주소: 호텔썬시티 건너편 신호주차장(부산광역시 수영구 광안로 597)100% 차량 주차가능!주차장 위치 : 서울반점, 마포숯불갈비 사이 도로위치도보특가 객실은 주차가 불가능한 객실입니다도보특가 객실은 주차가 불가능한 객실입니다주차시설을 보유한 숙소입니다.(차량 이용 시 숙소에 문의해 주세요.)지하철 정보2호선 광안역2호선 금련산역주변 정보 광안리 해수욕장 해변까지 10초 이내 광안리 민락 회센터 도보 4분 광안리 수변공원 도보 6분 지하철 광안역(2호선 5번 출구) 7분 벡스코, 센텀시티 신세계 백화점 자동차 10분 이내 해운대 해수욕장, 아쿠아리움 자동차 10분 이내 자갈치시장, 국제시장, 태종대 자동차 30분 이내", 20,000, 7.3
광안리 고유호텔-구.광안리W, "사장님 한마디 안녕하세요. 부산 광안리 w 호텔 지배인입니다.저희 호텔은 한국 고유 감성 한옥 스타일을 추구하는 감성 호텔로2022년 05월 리모델링 오픈하였습니다.해수욕장 바로 앞에 위치하여, 드론축제광안대교 야경 등 광안리의 멋진 풍경을 품고 있으며최상의 어메니티와 최고의 컨디션 유지를 위해 노력하고 있습니다.고객님들의 선택에 최고로 보답하기위해 최선을 다 하겠습니다.감사힙니다. 주차장 정보건물 뒤편 등대 주차장 이용바랍니다!총 20대 주차시설 보유지하철 정보2호선 광안역2호선 금련산역주변 정보광안리해변가 도보 10초수변공원 도보 10분민락회센터 도보 5분센텀시티 차량 10분해운대 해변가 차량 15분광안리 다양한맛집 카페등 초인근위치!객실내부 시설해수욕장 바로 앞와이파이빔 프로젝터밤하늘을 품은 테라스광안대교를 안은 오션뷰추가 안내사항분신물 발생시 1주일 내로 연락이 안될경우 해당물건엔 대해 책임지지 않습니다.모든객실은 2인 기준이며 인원추가시 별도비용이 발생할 수 있습니다.", 20,000, 9.7
광안리 호텔 야자, "사장님 한마디 YAJA 광안리점 서비스 리뉴얼 안녕하세요 YAJA 광안리점입니다 YAJA 광안지점의 대표자가 변경됨에 따라 다양한 서비스를 추가로 제공중입니다.더욱 새로워진 모습으로 고객님들을 기다리겠습니다. 전 객실 무료 넷플릭스 공기청정기, 고데기 준비 완료음료 및 아이스크림 제공기간 2021.04. 19. ~ 12. 31. 주차장 정보숙박 및 대실 예약 시간 전 주차시 카운터로 문의 바랍니다.숙박 및 대실 퇴실 후 잠깐동안 주차시 카운터로 문의 바랍니다.객실당 차량은 1대만 주차가능 합니다. 2대 불가능총 15대 주차시설 보유지하철 정보2호선 광안역2호선 민락역주변 정보광안리 해수욕장 100m 도보 1분벡스코 1.5Km 도보 15분 자동차 5분해운대 해수욕장 4Km 자동차 15분민락회센터 타운 100m 도보 1분부산수변공원 900m 도보 10분광안비치랜드 250m 도보 4분부산 MBC 400m 도보 6분신세계백화점 1.5Km 도보 15분 자동차 5분영화의전당 1.5km 도보 15분 자동차 5분객실내부 시설 끈김없는 와이파이 민락회타운, 맛집거리 코 앞 광안리 바닷가 도보 2분 광안 비치랜드 도보 4분전 객실 금연프런트 및 그 외 시설모든 객실은 2인기준 요금이며 인원추가는 가능하나 음주 소란행위시 환불없이 퇴실조치 합니다.인원 추가 1인 15.000원 입니다.퇴실 연장 시 시간당 1만원 자동부과됩니다.자정이후 음주 소란행위 삼가해주시기 바랍니다.(타객실 항의 요청시 환불없는 강제퇴실조치 되오니 이점 숙지 하시길 바랍니다.)객실 슬리퍼는 객실이외 신고 다닐수 없습니다(외출시 객실 슬리퍼 착용시 변상조치됨을 알려드립니다.)애완동물 동반 입실 불가함을 알려드립니다.객실 내 취사행위 적발시 환불없이 즉시 퇴실됨을 알려드립니다.연박 객실의 청소의 경우는 고객의 요청이 있을 시 해 드립니다.위 사항에 해당하는 고객의 부주의한 행동으로 본 점에 해가 될 경우 변상조치됨을 알려드립니다.", 25,000, 9.7
광안리 호텔 망고, "혜택안내요금할인주차장 정보총 15대 주차시설 보유지하철 정보2호선 광안역2호선 금련산역주변 정보광안리 해수욕장까지 도보 10초거리 위치금련산역까지 도보 7분거리 위치광안역까지 도보 10분거리 위치민락 회 센터까지 도보 13분거리 위치수변공원까지 도보 15분거리 위치객실내부 시설최고급 침대와 비품전객실 넷플릭스 무료이용고사양 PC(노하드 PC방 시스템)전객실 스타일러 완비전객실 스마트TV 구비전객실 금연룸프런트 및 그 외 시설로비에서 커피 제공추가 안내사항추가 인원 및 연박 관련 안내추가인원 발생 시 1인당 1만원의 별도 추가요금이 발생합니다.(자세한 사항은 프런트로 문의)연박 이용시 (주말,성수기,공휴일)에는 추가비가 있습니다.(프런트로 문의)차량방문 고객님차키는 반드시 프런트에 맡겨주세요.차량은 부득이 하게 이동할 수 있습니다. 양해바랍니다.차량 방문 시 한 객실당 한대만 주차 가능합니다.객실 사용 안내해수욕장 이용하신 분은 후문 입구 샤워기가 비치되어 있습니다.모래를 씻고 난 후 물기를 제거한 뒤 입실해주세요(수건은 프런트로 문의 바랍니다)해수욕장 이용 고객님은 (여름철) 대실사용이 되지 않습니다.미성년자 출입금지(신분증 미 소지시 미성년자로 인정하며 싸이트 예약자는 환불 취소가 되지 않습니다.", 30,000, 9.4
광안리 누리호텔, "사장님 한마디 가성비 중심의 최고의 숙소! 누리만의 특별한 하루 혜택안내요금할인주차장 정보주차시설을 보유한 숙소입니다.(차량 이용 시 숙소에 문의해 주세요.)지하철 정보2호선 광안역2호선 금련산역주변 정보광안리해수욕장 30m 도보 1분 거리지하철 광안역 600m 도보 10분 거리지하철 금련산역 400m 도보 7분 거리민락 회 센터 도보 15분 거리객실내부 시설광안리 최초 고사양 커플 PC룸 완비인원 추가시 1명당 10,000원 추가요금이 있습니다.팬트 하우스는 최대 10명까지 입실 가능합니다.부산 광안리 누리호텔만의 특별한 공간팬션룸, 가족룸 완비!넓은 주차장 완비!최고의 시설 완비!전 객실 넷플릭스 무료이용 가능디럭스 객실 스마트 TV 이용 가능전 객실 금연입니다(흡연 관련해서는 카운터로 문의주세요)프런트 및 그 외 시설 차량 소지 방문고객 필독 감사합니다 고객님 누리호텔입니다.차량으로 방문하시는 고객분들에게 전달드립니다.1. 차량의 차키는 반드시 프런트에 맡겨주세요.2. 차량은 부득이하게 이동할수 있는 점 양해부탁드립니다.3. 차량으로 방문하실때는 1객실당 한대만 주차가 가능한 점 양해부탁드립니다.추가 안내사항최고의 시설,깨끗한 침구,프리미엄룸 욕실배드,전객실 욕조월풀대실 마일리지적립발렛파킹서비스로비에 간단한 간식과 최고급 아메리카노 커피제공충분한 주차공간 확보자세한 사항은 프론트로 문의 부탁드립니다.기본규정해수욕장(바닷가)이용 고객님은 (성수기)대실사용 불가합니다.해수욕장 이용시(성수기) 1F 주차장 옆 공간에 샤워기 비치 되어있습니다.모래를 다 씻고난후 물기를 훔친 뒤 입실 가능하십니다. (수건이 없을시에는 프런트로 문의해주세요)[운영규칙]미성년자 절대 출입금지(신분증 미 소지시 미성년자로 인정하며 사이트예약자는 취소,환불불가합니다)연박이용시에는 (주말,성수기,공휴일)에는 연박추가비가 따로있으니 프론트에 문의 부탁드립니다.빠른 체크인의 경우 당일 룸 컨디션에 따라 가능여부가 달라지며 객실이 준비되어 있지 않을 경우 어려울 수 있습니다. 미리 전화 문의 부탁드립니다.평일 출장고객 예약 시 빠른입실 제공해드립니다.(:프론트로 문의부탁드립니다~)주말 전화예약시 할인가 제공", 20,000, 9.4
광안리 WABA 클래식, "혜택안내요금할인주차장 정보 건물 내, 지상 주차 시설을 갖추고 있습니다. (총 7대 주차시설 보유) 내부 주차장 만차 시 인근 공영주차장 이용 가능합니다.총 10대 주차시설 보유지하철 정보2호선 광안역2호선 민락역주변 정보민락회센터 타운에서 30m도보 1분 거리부산수변공원에서 80m 도보 2분 거리마린랜드에서 50m 도보 1분 거리광안비치랜드까지 250m 도보로 4분 거리객실내부 시설체크인 전, 체크아웃 이후, 프런트에 짐 보관하여 드립니다.스탠다드 객실은 3가지 타입의 룸을 랜덤 배정합니다.고데기는, 여분의 충전기는 프런트에서 무료로 대여해드립니다. (퇴실하실 때 반납)월플 스파가 있는 객실은 프리미엄 및 파티룸입니다.스탠다드 객실은 일반 욕조가 있습니다.지나친 소음발생시 퇴실조치 될 수 있으니 유의하여 주시기 바랍니다.[ 애견객실 안내사항 ] 객실 예약을 위해 동반하는 견종 및 kg기재를 부탁드립니다. 8kg이하 길들여진 애견 1마리 동반 입실가능(1마리 초과 투숙시 3만원 요금발생) 강아지를 혼자 객실에 두고는 외출이 불가하며, 이로인해 주변객실에서 강아지 짖는 소음으로 인한 컴플레인 발생시, 환불없이 퇴실 조치 됩니다.또한 고객과의 연락불가로 강아지가 혼자 객실에서 계속 짖는 경우 사전고지 없이 관할 애견보호소로 이동 될 수 있으며 시간당 별도의 요금이 부과됩니다. 퇴실 전 배설물을 수거하는 펫티켓을 지켜주시고 그렇지 않을 시 별도의 청소비가 부과됩니다.(반려견 배설물 수거는 동물보호법 제13조에 명시된 의무사항입니다) 5대접종 2년내 광견병 접종이 되어 있어야 합니다. 반려견과 호텔내부 이동시 고객이 직접 안거나 케이지 필수 입니다. 보호자의 부주의로 인한 사고 및 반려견 실종에 대하여 호텔과 직원은 책임이 없습니다. 반려견이 호텔 침구나 카페트 등에 배변을 하였을 경우, 별도의 세탁비가 청구됩니다.(베개 30,000원 이불 80,000원)프런트 및 그 외 시설간단조식 내용토스트, 쨈, 식빵, 우유, 쥬스, 컵라면(주말)1층 로비 커피머신, 얼음정수기, 전자레이지 비치커피과자, 믹스커피, 음료 등 추가 필요 시 프론트에 요청하시면 제공해 드립니다.추가 안내사항인원추가시 추가인원 1인당 2만원의 추가요금이 발생합니다", 30,000, 9.3
광안리 문베이 관광호텔, "사장님 한마디 혼숙 절대 불가합니다전객실 2인 기준입니다. 인원추가를 원하시는 경우 1인 1만 원 추가비용이 발생합니다.객실 호수 및 디자인은 호텔 운영 상황에 따라 랜덤 배정 됩니다. 혜택안내요금할인주차장 정보1인 1대, 도보 특가로 예약하신 후 차량 들고 오신 경우에는 추가요금이 발생할 수 있습니다총 50대 주차시설 보유지하철 정보2호선 광안역2호선 금련산역주변 정보광안리 해수욕장 모래사장까지 도보 30초 거리입니다.금련산역까지 290m, 도보로 5분 거리입니다.광안역까지 910m, 도보로 14분 거리입니다.민락회센터까지 12분 거리입니다수변공원까지 1km, 도보로 20분 거리입니다광안대교까지 1.5km, 도보로 23분 차량으로 5분 거리입니다.", 100,000, 9.2
광안리 보나트리 호텔, "사장님 한마디 2022년 4월 GRAND OPEN 새롭게 오픈한 저희 보나트리 호텔은 항상 청결과 서비스를 겸비한 광안리 최고의 호텔이 되겠습니다.많은이용부탁드립니다. 혜택안내요금할인객실문에 부착된 여기어때 혜택마크를 찾아 QR코드로 혜택받으세요.주차장 정보광안리 내 최고수준 주차장 보유!총 20대 주차시설 보유지하철 정보2호선 광안역2호선 민락역주변 정보광안리해변가 도보 1분수변공원 도보 5분센텀 신세계백화점 차량 10분 소요해운대해변가 차량 10분 소요광안리 주변 맛집 카페 횟집프런트 및 그 외 시설캐리어 보관 서비스프런트에 문의부탁드립니다추가 안내사항디럭스 더블룸 오션뷰,욕조 등 업그레이드 객실이용 필요시 현장문의 바랍니다.족욕식 욕조 (디럭스 더블,트윈 일부객실 및 패밀리) 배정 프론트 문의넷플릭스 이용 원할 시 프론트 문의 부탁드립니다.침구 추가 별도요금 발생으로 프론트로 문의부탁드립니다.최대인원 초과 시 프론트로 문의부탁드립니다.금연건물로 흡연구역은 프론트로 문의부탁드립니다. 취소 및 환불 규정7월, 8월 성수기 기간(특정일) 취소불가(사유에 따라 80%~90% 수수료 발생할 수 있습니다.)체크인일 기준 7일 전 : 70% 환불체크인일 기준 6일 전 : 50% 환불체크인일 기준 5일 전 : 40% 환불체크인일 기준 4일 전 : 30% 환불체크인일 기준 3일 전 : 10% 환불체크인일 기준 1일 전~당일 및 Noshow : 환불불가특실(한실, 트윈테라스)은 예약취소가 불가 합니다.늦은입퇴실룸 연박불가 및 현장문의 부탁 드립니다.", 30,000, 9.8
광안리 Hy리얼티 호텔, "사장님 한마디 프론트 운영 시간: 24시간오더 요청시간: AM 9:00~ PM 24:00새벽1시 이후 체크인 하시는 고객님은 반드시 호텔로 연락 바랍니다.숙박 예약 후 연락이나 구두상 통보 없이 익일 am2:00까지 입실 하지 않는 경우 자동 퇴실 처리 됨을 알려드립니다.차량 혼잡으로 인하여 금토요일은 입실시 주차 가능 상품 예약 고객님은 1회에 한해서 호텔 주차장 또는 제휴업체 주차장 주차 보장을 해드리니 이점 양해바랍니다.미성년자 입실 불가 합니다.당일예약은 해당객실이 마감되므로, 어떤 사유가 있던 취소,환불처리가 불가합니다.가맹점 사정에 의해 객실 정보가 수시로 변경 될 수 있습니다.이로 인한 불이익은 당사가 책임을 지지 않습니다.성수기 및 특정일, 공휴일(전일 포함)에는 요금 변동이 있을 수 있습니다.애완동물 동반은 불가합니다.모든 객실 타입은 랜덤으로 배정 됩니다.룸 지정이 필요하신 분은 호텔로 문의 바랍니다.배정된 객실과 사진은 상이할 수 있습니다.인원추가 및 시간추가로 인하여 발생되는 금액 또한 객실별로 상의하며금액은(10.000원 ~ 15.000원) 발생됩니다.성수기 특정일 공휴일에는 입실시간과 대실요금은 달라질수 있으니, 프론트로 문의바랍니다항상 노력하는 HY리얼티 호텔이 되겠습니다. 감사합니다!객실 이용요금은 모든객실 동일 2인 입실 기준 입니다.고객의 퇴실시간(11시) 이후의 퇴실시 1시간에 1만원의 추가요금이 발생됩니다.전객실 금연 객실을 운영합니다. 주차장 정보건물주차장 만차일 경우 외부주차장 마린랜드주차장(정마트, 신협건물 지하) 이용 부탁드립니다.객실당 1대까지 주차 가능하며, 차량 추가 주차시 1대당 1만원의 주차비가 발생합니다.총 10대 주차시설 보유지하철 정보2호선 광안역2호선 민락역주변 정보부산 광안리 해변에서 60m도보 1분 거리민락 회센터타운에서 20m도보 1분 거리마린랜드에서 30m 도보 1분 거리MBC사옥에서 300m 도보 5분 거리벡스코, 영화의전당, KNN에서 택시요금 약 4,000원객실내부 시설신축 청결한 숙소, 라텍스 침대 및 최고급 호텔 침구,스파이용. 넷플릭스 이용가능", 20,000, 9.7
광안리 브라운도트-해수욕장점, "사장님 한마디 전객실 세련된 객실로 새롭게 단장하였습니다. 저희 브라운도트는 광안리 해변가 바로앞에 위치하고 있으며 전객실 넷플릭스설치, 품질좋은 원두커피 제공등 다양한 혜택과 최상의 서비스 제공을 위하여 최선을 다하겠습니다.많은 이용부탁드립니다! 주차장 정보12시 이후 출차시에는 주차장에서 별도의 추가주차비가 발생합니다.객실당 주차 차량은 1대 기본입니다.(차량이 2대일 경우 추가비용발생)총 5대 주차시설 보유지하철 정보2호선 광안역2호선 금련산역주변 정보2호선 광안역까지 900m2호선 금련산역까지 250m광안리 해변가 도보 1분수변공원까지 도보 15분차량 5분 소요신세계 백화점까지 차량 10분 거리에 있습니다.오륙도, 이기대까지 차량 15분 거리에 있습니다.해운대 더베이 101, 누리마루 APEC하우스, 동백섬, 벡스코 등이 차량 10분거리에 있습니다.인근 회센타, 해변가에 다양한 맛집과 카페가 있습니다~객실내부 시설전객실 WiFi , 일부객실 PC 보유(필요시 문의),디럭스 이상 객실 최신비데 설치,전객실 VOD 다시보기 서비스 가능전객실 넷플릭스 TV로 시청가능(아이디 비번 프론트로 문의)전객실 금연 협조 부탁 드립니다.객실 예약요금 공지사항객실 예약요금은 2인 기준 요금입니다.기준인원(2인) 이상 추가인원 입실시 현장에서 1박당 15,000원 비용이 발생됩니다.퇴실시간 초과시 추가요금이 자동 부과됩니다(30분 초과시 1만원)프런트 및 그 외 시설프린터, 복사가능 흑백고데기,충전기 필요시 대여가능!!추가 안내사항환불규정사이트 환불규정이 적용됩니다.1일전, 당일은 환불 불가 합니다.애견동반 금지 입니다.7월~8월 해수욕장 이용고객은 대실이용 불가합니다.새벽3시 이후까지 입실하지 않을시 노쇼처리됩니다.", 30,000, 9.1
광안리 HOTEL Y, "사장님 한마디 광안리에 방문하면 Y로 오셔야죠~ 주차장 정보평지주차장 시설(20대 주차가능) 보유발렛파킹 서비스주차는 객실당 1대 가능총 20대 주차시설 보유지하철 정보2호선 광안역2호선 민락역주변 정보광안리해수욕장 200m, 도보로 2분거리입니다.민락회센터까지 130m, 도보로 1분거리입니다.수변공원까지 도보로 10분거리입니다.벡스코까지 차량 10분거리입니다.신세계백화점 센텀점 차량 10분거리입니다.객실내부 시설전 객실 금연룸으로 운영전 객실 그린존 방역 실시호텔식 린넨관리연박시 청소 서비스프런트 및 그 외 시설무료 커피,얼음컵,스넥바전자레인지냉,온,정수기 구비드라이기,고데기 구비", 20,000, 9.7
광안리 투헤븐, "혜택안내요금할인주차장 정보주차시에는 프론트에 차키를 맡겨주십시요주차장 혼잡시 이동이 있을수있습니다총 10대 주차시설 보유지하철 정보2호선 광안역2호선 금련산역주변 정보광안리해수욕장까지 10m, 도보로 30초 거리입니다.금련산역까지 297m, 도보로 5분 거리입니다.광안역까지 917m, 도보로 14분 거리입니다.민락회센터까지 981m, 도보로 15분 거리입니다.민락동 포차마차거리까지 1.3km, 도보로 21분 거리입니다.민락공원까지 1.6km, 도보로 23분 거리입니다.광안대교까지 1.5km, 도보로 23분 차량으로 5분 거리입니다.객실내부 시설전 객실 옷장이 따로 구비(구김없이, 걱정없이 보관가능)전 객실 WiFi 사용가능노래방 시설까지 완비 (별개로 운영)최신 비데설치로 쾌적한 화장실구성주차장 완비 (1객실당 주차 1대 가능, 초과 시 주차비 추가 발생)주차시에는 프론트에 차키를 맡겨주세요주차장 혼잡 시 이동이 있을 수 있습니다프런트 및 그 외 시설코로나 대비 소독 안내광안리 투헤븐은 고객님의 안전을 위해 손소독제 비치, 매일 객실 소독을 진행하고 있습니다~전객실 넷플릭스가능객실 예약요금은 2인기준 요금입니다.추가인원 입실 시 1인당 평일 10,000원 주말,특정일 10,000원 추가비용 발생됩니다.자세한 사항은 프론트로 문의 부탁드립니다.더욱더 좋은 서비스를 제공해 드리는 투헤븐 호텔이 되겠습니다.추가 안내사항성수기 연박예약 시 추가금액 발생할 수 있습니다.(프론트 문의바랍니다.)환불 규정사이트 환불규정이 적용됩니다.1일전, 당일은 환불 불가 합니다.", 20,000, 9.2
광안리 광안비치 호텔 더 엠 -The M, "사장님 한마디 2022년 06월 리모델링 GRAND OPEN 광안리 더 엠 입니다!광안리 해수욕장 바로 앞에 위치하고 있으며,최신식 리모델링 시설과 친절한 서비스로고객님들께 보답하겠습니다.감사합니다. 주차장 정보객실당 기본 1대 주차를 보장합니다.추가 차량에 대해 1만원의 주차 요금을 청구합니다.도보 특가 상품을 예약했음에도 차량으로 이동하신 고객님께는 주차요금 1만원을 현장에서 청구합니다.총 20대 주차시설 보유지하철 정보2호선 광안역2호선 민락역주변 정보광안리 해변가 50m. 도보 1분거리민락 회 센터 30m. 도보 1분거리수변공원에서 80m, 도보 2분거리광안리 내 다양한 카페, 맛집 인근 위치!객실내부 시설넷플릭스 및 유튜브 이용을 원하시는 고객님께서는 프론트로 문의바랍니다~남들이 신던 슬리퍼는 그만! 전 객실에 청결한 1회용 슬리퍼 비치프런트 및 그 외 시설성수기 및 특정일, 공휴일(전일 포함)에는 요금 변동이 있을 수 있습니다.환불 및 취소는 규정에 따라 상이하게 처리될 수 있습니다.여기어때 회원혜택은 제휴점 내규에 따라 적용됩니다.입실 시 신분증을 확인하고 2004년 생을 포함한 미성년자는 입실이 제한됩니다(신분증을 꼭 지참해주시기 바랍니다.)불편사항 있을 시 언제든지 안내실에 문의주세요.친절하게 답변해드리겠습니다", 25,000, 9.9
광안리 Q, "사장님 한마디 여름맞이 전객실!! 침구류 전체 교체매트리스 이불 베개 등 전 객실 침구류 교체!!광안대교가 제일 잘보이는 숙박업소광안리 Q X 행복식당 BIG EVENT 주차장 정보넓고 쾌적한 주차시설 보유!!주차시설을 보유한 숙소입니다.(차량 이용 시 숙소에 문의해 주세요.)지하철 정보2호선 광안역2호선 금련산역주변 정보광안리 해변에 위치합니다.부산 광안대교 전망을 자랑합니다.부산 민락동 포장마차 거리까지 348m, 도보 4분거리입니다.부산 민락동 수변공원 거리까지 934m, 도보 5분거리입니다.해운대 백스코까지 2km, 차량 5분거리입니다.객실내부 시설최고의 오션뷰가 함께하는 부산 광안리 Q 와 함께하세요 광안리 바다와 광안대교가 객실에서 한눈에!!! 광안리 해수욕장 바로 앞 위치!!! 최고의 오션뷰를 자랑하는 부산 광안리 Q 광안리 드론쇼 직관가능한 방 보유!! 광안리 먹거리, 즐길거리 핫플레이스 도보거리추가 안내사항여름맞이 전객실!! 침구류 전체교체광안리 해수욕장 바로 앞민락 회센터 수변공원 초근접 위치광안리 해변이 가장 잘보이는 오션뷰 객실보유고데기 프론트에서 대여가능!", 20,000, 6.8
광안리 NO.25, "사장님 한마디 전 객실 오리털 이불과 라텍스 메트리스를 사용하여 더 나은 휴식을 하실 수 있습니다.저희 숙소는 24시간 예약 및 문의 가능하시며 항상 친절한 서비스를 위해 최선을 다하겠습니다. 혜택안내요금할인객실문에 부착된 여기어때 혜택마크를 찾아 QR코드로 혜택받으세요.주차장 정보총 12대 주차시설 보유지하철 정보2호선 광안역2호선 민락역주변 정보광안리해변가까지 50m, 도보 1분 거리광안비치랜드까지 50m, 도보 1분 거리수변공원까지 200m, 도보 5분 거리신세계 백화점까지 2km, 차량 5분 거리추가 안내사항각 객실의 입실 기준을 확인바라며, 추가 인원시 현장에서 추가요금 결제됨을 알려드립니다.성수기 및 특정일, 공휴일(전일 포함)에는 요금 변동이 있을 수 있습니다.입실 시 신분증을 확인하고 미성년자는 입실이 제한됩니다(신분증을 꼭 지참해주시기 바랍니다.)불편사항 있을 시 언제든지 안내실에 문의주세요. 친절하게 답변해드리겠습니다~!", 25,000, 9.7
광안리 호텔 마레, "사장님 한마디 기준인원 2인이며 인원 추가시 1인당 1만원의 추가비용이 발생합니다.(혼숙은 가족외에 불가합니다)성수기 및 특정 공휴일은 요금 변동이 발생할 수 있습니다.체크인시 미성년자 확인절차로 인한 신분증 요구시에는 이에 응해 주셔야 하며, 거부시에는 입실을 할수 없으며 취소환불처리 불가합니다.추가적으로 고객님의 실수나 부주의로 인한 예약실수는 취소환불처리 불가합니다. 주차장 정보건물 1층 내외부 주차시설를 보유하고 있습니다.주차는 객실당 1대로 제한하고 있습니다. (프론트 문의)내부 주차장 만차시 인근 공용주차장 이용이 가능합니다. (프론트 문의)외부주차장 남천 바다로 24 바다주차장주차 전 호텔에 전화주셔서 차량번호 전달후 주차가능총 10대 주차시설 보유지하철 정보2호선 광안역2호선 금련산역2호선 남천역주변 정보광안리해변 초근접10m금련산역(3번출구) 도보 3분수변공원 도보 15분벡스코, 신세계백화점, 롯데백화점, 영화의전당 차량 10분거리해운대, 동백섬, 이기대 산책로 차량 10분거리태종대, 오륙도, 송도해상케이블 차량 15분거리주변 다양한 맛집과 빵천동 베이커리및카페 근접객실내부 시설전 객실 리모델링을 시행하였습니다. (가구류,침구류,에어컨,화장실)전 객실 금연룸 입니다.전 객실 무료 Wifi 사용이 가능합니다.전 객실 휴대폰 충전기가 비치되어 있습니다.전 객실 고급 Bath Amenity(치약,칫솔 등) 무료 제공합니다.전 객실 벽면TV, 냉장고 및 에어컨이 설치되어 있습니다.전 객실 2인기준 1인추가시 추가요금발생합니다(1인 1만원)프런트 및 그 외 시설프론트는 24시간 운영되고 있습니다.프론트에서 팩스,복사,프린터 사용이 가능합니다.로비에는 고급 원두커피를 Self 제공하고 있습니다.로비에 다양한 커피와 차를 즐길수있는 테이블이 비치되어 있습니다.1층에 흡연인을 위한 흡연구역이 설치되어 있습니다.숙박쿠폰적립(51)넷플릭스무료현장결제할인", 25,000, 9.4
광안리 Hotel Yam, "사장님 한마디2021년 12월 새로운 모습으로 오픈하였습니다.항상 고객분들에게 행복한 하루를 선물할 수 있도록 최선을 다하겠습니다.많은 이용 바랍니다광안리 도보 1분이내 초근접 숙소주차 40대 이상 가능(1객실 1주차), 광안리 인근 대형 주차장 완비가족 및 단체 손님 숙박 가능한 객실 구비(패밀리 트윈, 스위트 트윈)체크인 전 수화물 및 짐 보관 가능스낵바 고급 원두 커피 제공(프론트)노트북 대여 가능(프론트 문의) 주차장 정보총 40대 주차시설 보유지하철 정보2호선 광안역2호선 민락역주변 정보광안리 해변에서 130m, 도보 2분민락 포장마차거리에서 310m, 도보 3분민락 수변공원에서 900m, 도보 5분광안 지하철역 5번 출구에서 1.3km, 차량 3분벡스코가지 3.2km 차량 8분센텀시티까지 2.7km 차량 6분객실내부 시설전객실 넷플릭스유튜브 무료 시청가능 광안리 도보 1분이내 초근접 숙소주차 40대 이상 가능(1객실 1주차), 광안리 인근 대형 주차장 완비가족 및 단체 손님 숙박 가능한 객실 구비(패밀리 트윈, 스위트 트윈)체크인 전 수화물 및 짐 보관 가능스낵바 고급 원두 커피 제공(프론트 문의)노트북 대여 가능(프론트 문의)추가 안내사항전객실 리모델링 완료기본규정입실시 기준 인원은 2인이며, 추가 인원시 현장에서 추가요금 결제됨을 알려드립니다.객실은 체크인시 배정되며, 상기 이미지와 다를 수 있습니다.상기 이미지의 객실 예약을 원하실 경우, 프런트로 문의 부탁드립니다성수기 및 특정일, 공휴일(전일 포함)에는 요금변동이 있을 수 있습니다.도보특가 객실 상품은연박불가 입니다.깜짝특가 객실 상품은연박불가 입니다.늦은입실 객실 상품은연박불가 입니다.늦은퇴실 객실 상품은연박불가 입니다.", 20,000, 9.5
광안리 브릿지 호텔, "사장님 한마디 모든 숙박 및 대실 요금은 2인 기준입니다.( 인원 추가 시 1인당 일반실,특실,한실 20,000원 스위트,로얄스위트,VIP 30,000원의 추가요금이 발생합니다)대형세단,대형RV,봉고차,짐차 주차불가합니다. 혜택안내객실문에 부착된 여기어때 혜택마크를 찾아 QR코드로 혜택받으세요.주차장 정보대형차량 (세단, RV, 카니발, 화물차) 주차 불가주차시설을 보유한 숙소입니다.(차량 이용 시 숙소에 문의해 주세요.)지하철 정보2호선 금련산역2호선 남천역주변 정보광안리해변1초거리광안비치랜드 차량5분금련산역(3번출구) 도보 5분수변공원 도보 15분벡스코, 신세계백화점, 롯데백화점, 영화의전당 차량 10분거리해운대, 동백섬, 이기대 산책로 차량 10분거리태종대, 오륙도, 송도해상케이블 차량 15분거리주변 다양한 맛집과 빵천동 베이커리및카페 근접", 25,000, 8.6
광안리 그레이193, "사장님 한마디 Gray193HOTEL COVID19 예방전 객실 살균 소독 및 공기 정화 매주 실시!70대 동시주차 가능아쿠아리움 할인권 제공 설레고 흥분되는 부산여행의 마침표 주차장 정보차량으로 이동하시는 고객님께서는 지하 1,2층 및 주차타워 (지하 2층)를 이용하실 수 있습니다.총 70대 주차시설 보유지하철 정보2호선 광안역2호선 금련산역2호선 민락역주변 정보광안리해수욕장도보1분거리광안비치랜드도보1분거리민락회센터도보1분거리민락수변공원도보5분거리센텀신세계백화점차량8분거리해운대동백섬차량10분거리해운대해수욕장차량15분거리해운대달맞이길차량20분거리부산역KTX차량25분거리김해공항차량30분거리남포동BIFF광장차량30분거리송도케이블카차량40분거리객실내부 시설전객실 넷플릭스 시청 가능전객실 공기청정기 설치 완료살균 소독 및 공기 정화 매주 실시", 40,000, 9.7
광안리 호텔 프리마베라 InBUSAN, "사장님 한마디프리마베라 (Primavera) 는 이탈리아어로 봄이라는 뜻입니다.봄의 희망과 꿈을 상징하는 이곳 !늘 바닷바람과 푸른 공기가 머무는 저희 Primavera in Busan에서 몸과 마음이 행복한 시간을 가지시길 바랍니다. 주차장 정보총 30대 주차시설 보유지하철 정보2호선 광안역2호선 금련산역주변 정보민락회타운 253m 도보 3분수변공원까지 1.2km 차량 4분벡스코까지 3.5km 차량 8분센텀시티까지 3km 차량 7분동백섬까지 3.6km 차량 11분객실내부 시설광안리 고층 오션뷰 호텔 11층부터 객실 배정오션뷰를 기대하는 고객님들께서 만족할 수 있는 고층 객실로11층부터 객실 배정이 되어, 뻥 뚫린 광안리 해수욕장을 내려다 볼수 있는시그니처인 오션뷰를 자랑합니다!고층 오션뷰를 원하시는 고객님들 서둘러 예약해주세요 호텔 프리마베라 in BUSAN 위치 주소: 부산 수영구 광안해변로 278번길 42, A동 11층~14층호텔주변:민락 회센터 바로옆도보 1분거리광안리 해수욕장까지 약 200m 도보 2분거리수변공원까지 약 1km도보 10분거리주차최대 250대 정도 수용이 가능한 넓은 지하주차장을 원활히 이용이 가능하십니다.차량 이용 시 탐앤탐스 부산오션브릿지점을 검색하신 후 방문 해 주시면 해당 건물을 보다 편하게 찾으실 수 있습니다.각 사이트별로 지정된 체크인시간 기준부터 호텔에서 무료로 차량등록을 해드리고 있으며, 체크인시간이전에 입차를 하신경우 본인부담이신점 참고부탁드립니다.주차는 지하1F2F, A동B동 상관없이 하시면되고, 프론트는 A동 11층입니다.객실당 차량은 1대만 주차지원합니다. 1대의 차량이상일 경우, 주차지원이 불가하며 출차 시, 주차장에서 요금 지불 부탁드립니다.체크인: 17시 체크아웃: 익일12시펜트하우스를 제외한 일반객실의 얼리체크인,레이트체크아웃은 1시간당 1만원입니다.펜트하우스는 1시간당 2만원입니다. (전 객실 최대연장 다음날 15시)전객실 욕조,히노끼탕 주류 및 입욕제사용 불가모든 객실내 욕조, 히노끼탕은 입욕제 사용이 불가합니다.욕조 내에서 와인,맥주 등 주류를 마시거나 흘려서색깔이염이 있는 경우 변상조취 함을 필히 알려드립니다.11층 조식공간 간편조식 제공 조식 이용시간: am7:30 am9:00빵, 시리얼, 우유, 컵라면, 구운란, 주스, 다과 등이용주의객실당 차량은 1대만 주차가능퇴실시간이후에 퇴실시 시간당1만원 부과됩니다. 체크아웃:11시애완동물 동반입실은 절대 불가하며,적발시 환불없이 퇴실조치합니다.모든 객실 내 금연구역입니다. 흡연으로 인해 화재경보 발생시 과태료10만원다른객실 피해보상료 부과됩니다.늦은시간까지 객실내에서 고성방가로 인해 다른객실에 불편함을 줄 경우 환불없이 퇴실조치 될수 있습니다.편안한 호텔을 위해 양해 부탁드립니다.펜트하우스 객실에는 식기류 및 취사도구가 구비되어 있지 않습니다.펜트하우스 이용안내숯불바베큐식기류취사도구 간단조리(인덕션)펜트하우스 객실에는 간단한 조리는 가능하나식기류 및 취사도구는 구비되어 있지 않으니 필요하시면 챙겨오셔야 합니다.이 점 꼭 주의바랍니다.( 침대구성: 더블더블) 거실 개별 오션테라스2인기준 1인추가시 1인당 2만원 현장추가 보조침구제공필독 객실 배정 시 객실 구조는 사진과 상이할 수 있습니다.침구 추가 시 별도의 비용이 발생합니다.전 객실 금연입니다.모든 객실은 2인 기준요금 입니다.1객실 1주차 무료 가능합니다.프런트 및 그 외 시설시티뷰 오션뷰당일 11시부터 18시 까지 6시간 이용 가능한 객실 입니다.상품내용에 기재된 체크인 체크아웃 시간과는 무관합니다 .객실 타입은 당일 상황에 따라 랜덤으로 배정 되는점 유의 부탁 드립니다 .당일 취소는 불가하며 당일 예약건임을 다시한번 참고 부탁 드립니다.", 50,000, 9.5
광안리 호텔 오션뷰, "사장님 한마디광안대교가 한눈에 펼쳐져 보이는 Ocean View Hotel13층에서 바라보면 확 트인 높은 뷰! 환상의 뷰를 느껴보실 수 있습니다.고객 여러분의 편안한 하루를 위해 객실 특유의 냄새가 나지 않도록장시간 문을 개방하여 환기와 청결유지에 전 직원이 힘쓰고있습니다.바닷가에 위치해 HOT한 예쁜 카페와 줄서서 먹는 맛집을 즐길 수 있는최상의 조건으로 잊지못할 즐거운 추억을 만들어 보세요~저희 호텔을 찾아주시는 모든 고객님들께 감사의 마음을 전하며항상 최상의 서비스와 친절으로 보답할 것을 약속합니다! 감사합니다찾아오시는 길민락동 회타운 앞 바닷가 쪽으로 30m 쯤 오셔서오션브릿지 쌍둥이 건물 1층 투썸플레이스와 수정궁 사잇길로 오시면출입구가 건물 지하 주차장과 연결되어 있습니다.주차후 B동 13층으로 엘리베이터를 이용하시면 됩니다. (문의전화 0517552777)혜택안내요금할인주차장 정보무료 주차 시설 : 지하 1층2층 주차 240대 가능(타워 주차 포함)총 240대 주차시설 보유지하철 정보2호선 광안역2호선 금련산역주변 정보부산 민락회센터 까지 30m 도보 1분광안리 해수욕장 까지 30m 도보 1분민락 수변공원 까지 1km 도보 10분광안역(지하철역) 까지 1.4km 자동차 3분해운대 누리마루(동백섬) 까지 자동차 10분객실내부 시설무료 WIFI 제공 (출장고객 개인정보 보호를 위해 각 객실마다 비밀번호 이용)로얄 테라스오션 더블 객실 예약 시 스타벅스 쿨러랜턴(블루투스) 무료대여객실 배정은 타입별 랜덤배정이 기본원칙이며, 대표사진과 상이할 수 있습니다.족욕기, 욕조 사용이 가능한 객실의 경우 호텔로 문의 부탁드리며, 별다른 요청 없을 시 체크인시 타입별 랜덤배정 됩니다.추가 안내사항취소 및 환불이 불가한 숙소입니다.단순변심이나 객실뷰로 인한 환불이나 취소는 불가능 합니다.입실 NOSHOW 환불 불가 입니다.객실은 체크인시 랜덤배정되며 사진과 약간 다를 수 있습니다.남여혼숙 3인 이상 금지되어 있습니다.기준 인원 외 추가인원 1인당 3만원의 (조식비용 포함) 추가비용 청구됩니다.(4세까지 무료 5세~7세 10,000원 8세~12세 20,000원 13세 이상 30,000원)미성년자 보호자와 동반시 투숙 가능합니다.(5세 미만 아동 무료 입실)미성년자 예약으로 인해 발생하는 입실거부취소환불 불가합니다. (체크인시 신분증확인이 있을 수 있습니다.)미성년자 부모 숙박동의서 지참시에는 입실이 가능합니다.(사전 동의 필요)모든 객실은 금연입니다. (건물 자체 금연건물이므로 절대 금연 부탁드립니다!)흡연하시는 고객은 객실예약시 테라스룸을 이용하시거나 14층 테라스를 이용하시면 됩니다.퇴실시간 초과 시 추가요금 자동발생됩니다.객실 이용시 파손 및 분실물품에 대해서는 객실 이용자 변상을 원칙으로 하며, 구입가격으로 변상합니다. (객실 입실 사전 점검후 입실원칙으로 합니다.)", 25,000, 9.6
광안리 호텔 마린뷰, "사장님 한마디 안녕하세요 새롭게 오픈 한 Hotel Marineview 입니다.시원한 오션 뷰와 함께 품격있는 서비스, 시설로 광안리에서 편안한 시간 보내시길 바랍니다. 주차장 정보주차 객실 당 1대 무료 오션 브릿지 지하 1,2층 주차 지하 2층 주차 타워 사용 가능동시 200대 주차 가능한 시설로 넉넉한 주차 공간이 마련되어있습니다.찾아오시는 길은 바닷가 쪽으로 들어오셔서 건물 1층 메가 커피, 씨유 편의점과 수정궁 샛길로 들어오시면 지하 주차장과 연결되어 있습니다 :)총 1대 주차시설 보유지하철 정보2호선 광안역2호선 금련산역주변 정보광안리 해변 해수욕장 걸어서 1분 거리광안역 3번 출구 도보 약 15분 차량 약 5분 입니다객실내부 시설최고급 벨기에산 라텍스 최고급 구스 침구류일~금요일 체크인 16:00 이후, 체크아웃 13:00 이전토요일 및 공휴일 체크인 17:00 이후, 체크아웃 13:00 이전Fluent in English (영어회화 가능한 직원 )전 객실이 금연입니다. 객실 내 흡연 시 강제 퇴실 및 과태료 부과됩니다.인원 추가시 1인 20,000원(36개월 이상 성인 추가비용 발생)무료 주차(한 객실당 1대 지하주차장)추가 차량 대당 1만원 유료무료 WiFi미성년자 보호자와 동반시 투숙 가능미성년자 예약으로 인해 발생하는 입실 거부에 관해서는 취소환불 불가합니다.체크인시 신분증 확인이 있을 수 있습니다.모든 추가비용 현장결제Design Hotel 특성상 사진과 다른 테마의 객실이 배정될 수 있습니다.모든 객실은 기본 옵션을 제외한 뷰, 인테리어 등의 차이가 있을 수 있습니다. 이러한 차이에 대한 환불요청은 환불 불가합니다.성수기 시즌 예약변경 및 환불은 엄격히 제한되오니 신중한 예약확인 부탁드립니다.성수기 시즌 및 기타약관 문의사항은 호텔로 문의바랍니다. (0517573133)실사간 예약특성 상 사업자 귀책사유로 인한 예약건은 안내 후 취소될 수 있습니다.[강제 퇴실조치 및 손해배상 청구사항]객실내 흡연 고성방가 및 객실내 집기류 훼손 사전에 예약된 인원이외의 외부인 출입시미성년자 혼숙 및 신분증 미지참으로 인한 입실거부 다음 이용인을 위하여 입,퇴실 시간을 준수해주시기 바랍니다. 애완동물과 함께 호텔을 이용하실 수 없습니다. 파손물품에 대해서는 객실 이용자 변상을 원칙으로 하며 구입가격으로 상환 합니다. 전객실 무료 와이파이입니다.강제 퇴실조치 및 손해배상 청구 사항객실내 흡연고성방가 및 객실내부 훼손 집기류 파손 사전에 예약된 인원이외의 외부인 출입시미성년자 혼숙 및 신분증 미지참으로 인한 입실거부", 120,000, 9.9
광안리 오션투헤븐, "사장님 한마디 오시는 분들 모두가 저희 오션투헤븐 호텔에서 만족과 편안함을 느끼고 가시길 바랍니다.주차장 정보차량을 이용하시는 고객님께서는오션브릿지 건물 뒷쪽으로 주차장 입구가 있습니다.지하 1,2층 동시 70대 평면주차 가능하며지하 2층에는 타워 주차장도 구비되어 있습니다.총 150대 주차시설 보유지하철 정보2호선 광안역2호선 금련산역2호선 민락역주변 정보민락회타운 253m 도보 3분수변공원까지 1.2km 차량 4분벡스코까지 3.5km 차량 8분센텀시티까지 3km 차량 7분동백섬까지 3.6km 차량 11분객실내부 시설전 객실 넷플릭스전 객실 금연객실전 객실 최고급 구스다운 침구, 전 객실 스타일러, 공기청정기 비치프런트 및 그 외 시설1층 CU 편의점 24시간 영업 중세스코 바이러스 케어로 매일 코로나19 방역 중각 층마다 객실출입 보안 도어 설치 외부인 출입으로 인한 고객님들의 불편을 줄이고자 최선을 다하고 있습니다. 보안이 철저해 더욱 안심할 수 있는 오션투헤븐에서 더욱 편안한 하루 보내세요~~!5층 야외테라스 [흡연] 가능5층 라운지 [조식 무료, 최고급 원두커피 무료] 제공충전기, 고데기, 노트북 대여 가능주차는 지하 1층,2층에 하시고 A동 5층 오션투헤븐으로 올라오시면 차량 무료 등록 가능.추가 안내사항체크인 시 본인 실물 신분증(사진필수) 제시가 필요합니다.", 30,000, 9.5
광안리 라움103, "사장님 한마디 입실기준인원외 추가인원 1인당 15,000원 추가(현장결제) 모든 객실 해당노쇼(NoShow) 예약 후 미방문으로 인한 환불은 불가합니다.광안리 라움103 호텔은 모든객실 취소불가 입니다. 주차장 정보 주차 안내 숙소 바로 앞 수변공원 공영 주차장(주차면수 102면) 있음. 만차시 인근 수변 어린이 공원 공영주차장 (주차면수 102면) 주차.(거리 330미터)총 10대 주차시설 보유지하철 정보2호선 동백역2호선 센텀시티역주변 정보 신세계롯데 백화점 차량 10분거리수변 공원 내 위치하여 활어센터 접근성 최상광안리 해변 도보 6분거리 지하철 광안역 민락역 차량 6분거리 홈 플러스 차량 10분 거리객실내부 시설 2019 11월 GRAND OPEN 오픈 특가 진행중! 수변공원 밀레니엄 플라자(활어센터) 6층에 위치 광안대교 초근접 뷰 전망을 만끽하세요! 킹사이즈의 천연라텍스 침대와 함께! 각도 조절 가능한 침대헤드로 편안함을! 개별 룸 와이파이로 빠른 인터넷! 전 객실 거위털 이불, 베개 구비! 전 객실 어매니티 구비! 숙소 내부는 절대 금연 구역입니다! 전 객실 기준인원 외 1인당 1만 5천원 추가됩니다.프런트 및 그 외 시설 데스크탑과 팩시밀러(복사, 팩스, 스캔) 구비 에스프레소, 아메리카노 커피머신 무료이용 폰 충전기, 고데기 , 와인 잔 구비(카운터에 문의) 로비를 포함한 전 객실 금연구역 반려동물동반불가 숙소", 30,000, 9.7
광안리 씨티, "사장님 한마디모든 객실은 2인입실 기준이며, 추가인원 발생시 입실이 불가능 합니다...차량으로 오시는 분들은 수영구 광안동 56712 부일 에코캐슬 이라고 네비 목적지에 검색 하시고 오시면 좀더 수월할거 같습니다.. 주차장 정보차량방문시 모텔에 문의바랍니다...차량 방문시 부일 에코캐슬 이라고 네비에 입력 하시고 오시면 좀더 수월할거 같습니다..총 5대 주차시설 보유지하철 정보2호선 광안역2호선 수영역", 20,000, 8.3
광안리 BH 스토리, "사장님 한마디 루프탑 오션뷰스탠드bar[광안대교 전망] 바닷가 초인접! 캘리그라피 포토존 운영!도깨비수육.매콤달콤연어장,양념황게장.인생마지막 쭈꾸미볶음. 정말 맛있습니다 혜택안내요금할인객실문에 부착된 여기어때 혜택마크를 찾아 QR코드로 혜택받으세요.주차장 정보차량방문고객님께1객실 1주차이며궁금하신 점은 연락주세요.차량추가비는[평일1만원.주말2만원인원추가비는 1인당평일1만원. 주말 성수기2만원. 특정일5만원입니다총 4대 주차시설 보유지하철 정보2호선 광안역2호선 금련산역주변 정보루프탑 [광안대교브릿지뷰,공안오션뷰]광안리해변까지 50m 도보로 1분이내 입니다.민락타운 회센터까지 280m 도보로 3분거리 입니다.광안비치랜드까지 500m 도보로 7분거리 입니다.광안리 카페거리까지 100m 도보로 2분거리 입니다.수변공원까지 1,200m 자동차로 3분거리 입니다.객실내부 시설공용 루프탑 [광안오션뷰,광안대교브릿지뷰]캘리그라피 포토존 운영냉난방 겸용 에어컨 운영중입니다세스코방역및 코로나방역 중입니다", 60,000, 8.9
광안리 블루문, "사장님 한마디 광안리 해수욕장 중간, 도보로 1분이내거리에 위치한 블루문 모텔입니다특별한 최신식 시설이나 화려한 인테리어 객실은 없습니다.다만, 넓은 창,깔끔한 객실에 간단힌 간식,필요한 비품은 다 비치되어 있으며, 욕실 물 콸콸 잘나오고 여름엔 시원하게, 겨울은 따스하게 하룻밤 잘 지내다 갈수 있는쾌적한 숙소 컨디션을 만들기 위해 최선을 다하고 있습니다.30초 이내거리에 광안대교 야경은 밤새 오가며 보실수 있으며, 도보 5~7분거리에 민락 회센터, 언양 불고기 골목, 써스데이 파티 등 광안리 엔터테이먼트를 관광하시기에 즐거운 시간이 되실겁니다.고데기 필요시 카운터로 문의 바랍니다.~전화 예약 받습니다~~ 혜택안내요금할인주차장 정보미니버스, 2톤 냉동탑차 높이 제한없이 주차 가능합니다~주차하시고 외출 시 언제나 편하게 입주차 가능하십니다.예약고객 입실 전 오전부터 주차가능합니다 (프론트 문의)총 20대 주차시설 보유지하철 정보2호선 광안역2호선 금련산역주변 정보광안리 해수욕장 250m, 도보 3분거리민락동 광안리 회센터, 수변공원 303m, 도보 4분거리지하철 광안역(2호선 3번출구) 500m, 도보 6분거리벡스코, 센텀 신세계 백화점, 부산 시립 미술관, 자동차 10분거리베이101, 해운대 해수욕장, 부산아쿠아리움, 영화의 전당, 자동차 10분거리주변맛집 (1~2분거리 위치)개미집, 대궐쌈밥, 돼지국밤, 버거앤파스타, 할매재첩국, 튼튼식당, 앙쌍블, 스타벅스, 할리스커피, CU편의점, 미니스탑, 루프탑 카페 오뜨 등객실내부 시설객실내최신무료영화시청가능(씨네호텔)", 20,000, 9.4
광안리 광안 Stay Hotel, "주차장 정보객실당 1대 주차 가능(도보상품 제외)호텔 내부 주차장 만차시 외부 주차장(호텔과10M거리)으로 안내드릴 수 있습니다(주차무료)총 20대 주차시설 보유지하철 정보2호선 광안역2호선 민락역주변 정보민락회센터까지 도보 2분 수변공원까지 도보 10분 광안리 해수욕장 도보 5분 센텀시티까지 차로 3분 용궁사까지 차로 23분 동부산아울렛 차로 20분 신세계백화점(센텀시티점)차로 6분객실내부 시설전 객실 넷플릭스무료시청가능유튜브,티빙,왓차등 이용가능전 객실 5성급 라텍스메모리폼 매트리스침대전 객실 새 침구류새린넨전 객실 LG 퓨리케어 공기청정기 설치완료전객실 LG 65인치스마트TV설치스낵바에서 최고급 스타벅스커피제공객실별제원스탠다드객실16.5m2디럭스더블19.8m2디럭스트윈19.8m2슈페리어더블19.8m2파티룸60m2VR,고데기,충전기대여는 프런트에신분증맡기고 대여가능인원추가 요금 : 25개월 미만 1인 무료 (추가 1인 20,000원) 25개월이상 20,000원침구추가는 1인 추가시 추가당 무료제공(별도추가시10,000원)12시이후 체크아웃시 1시간당 1만원15시이후 체크아웃시 1박요금청구파티룸 노래방이용가능시간은 22시까지입니다.미성년자혼숙예약시 환불은 절대 불가하며 신분증제출거부시 입실이 불가하며 환불불가합니다.디자인호텔특성상 객실사진과 객실디자인이 상이할 수 있습니다.광안스테이호텔에서는 추가비용과숙소내의 기물파손,분실등에 대비해서체크인시 투숙보증용 실물카드번호or보증금5만원을 받고 체크아웃시에객실점검후 카드번호삭제및보증금반환을 해드리고 있습니다.광안스테이의 마지막체크인은 고객님체크아웃일자의 02시까지이며그 이후는 노쇼처리되며 체크인이 불가합니다.광안스테이는 체크인을 위해서 입실등록카드를 작성받고 있습니다 등록카드에는 성함 연락처 인원수기재와주의사항에대해 공지하고 서명을 받고있으며등록카드작성 거부시에는 호텔에서는 입실거부를 할 수 있으며위의 사유로는 환불이 불가하오니 이점 꼭 양지해주시길 부탁드립니다.프런트 및 그 외 시설세탁실 24시간 이용가능프론트에서 세제제공 (10,000원에 세탁건조세제제공)VR별도대여는 일일1대당 15,000원입니다.VR대여시 신분증은 필수로 맡기셔야 대여가 가능합니다추가 안내사항여행 캐리어 프런트에서 보관 가능합니다", 30,000, 9.8
광안리 더 클럽 호텔-구 더베이클럽, "사장님 한마디 안녕하세요.광안리 최고의 펜션형 호텔 더클럽호텔입니다.먼저 저희 더클럽호텔을 이용해주시고 사랑해 주셔서 감사드립니다.다름이 아니라상표권침해 분쟁으로 인하여저희 더베이클럽호텔 명칭이 더클럽호텔 로 변경되었습니다.이름은 바뀌어도 저희 직원은 바뀌지 않습니다!더욱더 친절하고 깨끗하게!!고객님의 안전하고 행복한 휴가를 만들어 드릴 수 있도록최선의 노력을 다하겠습니다!!더클럽호텔 변함없는 사랑과 관심 부탁드립니다. 주차장 정보주차시설을 보유한 숙소입니다.(차량 이용 시 숙소에 문의해 주세요.)지하철 정보2호선 광안역2호선 금련산역주변 정보위치안내광안리 해수욕장189m 도보1분부산 민락회센터294m 도보1분광안역(지하철역 2호선)1.4km 자동차6분민락 수변공원686m 도보10분해운대 누리마루(동백섬)자동차10분신세계백화점 센텀시티점 2.9km 자동차 12분해운대 해수욕장 4.6km 자동차 14분객실내부 시설아름다운 오션뷰와 브릿지뷰전객실 오션뷰 야외테라스전객실 히노끼탕전객실 히노끼 족욕탕전객실 취사가능(인덕션, 전기밥솥, 정수기, 전자레인지, 토스트기, 커피포트, 식기류 등 구비완료)공기청정기스타일러객실 내에서는 절 대 금 연 부탁드립니다!프런트 및 그 외 시설 오션뷰가 보이는 테라스에서 프라이빗한 시간을 보내세요20평대 광안리에서 가장 넓고 안락한 펜션형 호텔광안리 바닷가가 한눈에 보이는 부산 최고의 VIEW광안리 최초 가족, 연인, 남녀노소 즐길 수 있는 오션뷰 전망 히노끼탕과 야외테라스객실 내 취사 가능(인덕션, 전기밥솥, 정수기, 전자레인지, 토스트기, 커피포트, 식기류 등 구비완료)비즈니스 고객 및 출장고객을 위한 스타일러 구비(프런트로 문의) 엄마에겐 힐링을 아이들에게는 즐거움을 선사하는 프라이빗 공간(키즈풀로도 사용 가능)코로나 19로 인해 공공장소 이용을 꺼려 하시는 부모님들께서는 프라이빗한 저희 더 클럽 호텔을 찾아주세요.잊지못할 즐거운 순간을 제공해 드리겠습니다. 광안리 더베이 클럽호텔만의 오션뷰 펜션형 객실에서 특별한 하루를 보내세요추가 안내사항기준인원 초과시 1인당 2만원의 추가요금이 발생하며, 침구류 제공 됩니다.미취학아동(7세 이하)은 추가요금 없습니다.", 300,000, 10.0
